[{"tweet_id": 1381935155212775431, "username": "prfmnews", "likes": [], "retweet": []}, {"tweet_id": 1381766490102190080, "username": "prfmnews", "likes": [], "retweet": []}, {"tweet_id": 1380728858953977864, "username": "prfmnews", "likes": ["exoxwao", "Biano64"], "retweet": ["27vinenda"]}, {"tweet_id": 1380443464085610499, "username": "prfmnews", "likes": ["mayaoyhyeah", "sogay03", "WidaOktavia1", "dadan_permanaDP", "ria_sofiyariya", "FerdianaFebby", "spongedudz1", "rizkasatriop", "ZakieRivaldi", "NSimbar", "AgungCHOWibowo", "Ramdhaniyopi99", "dea_rukman"], "retweet": ["tris_bdg", "KikiNugrahaa_", "ZakieRivaldi", "sanybachtiar", "dampiero10", "dedaofficial"]}, {"tweet_id": 1379601514558201858, "username": "prfmnews", "likes": ["AntaSinuhadji", "ketanminis", "Kusumah94841006", "BudiJinok"], "retweet": ["ketanminis"]}, {"tweet_id": 1379591892619259909, "username": "prfmnews", "likes": ["Kusumah94841006"], "retweet": ["f_yathir"]}, {"tweet_id": 1379351511642169357, "username": "prfmnews", "likes": [], "retweet": []}, {"tweet_id": 1379320566256001024, "username": "prfmnews", "likes": [], "retweet": []}, {"tweet_id": 1378856755598258177, "username": "prfmnews", "likes": ["andri_parcox", "gayotz", "jantimahrianti"], "retweet": ["dudepanai"]}, {"tweet_id": 1377810376738279429, "username": "prfmnews", "likes": [], "retweet": []}, {"tweet_id": 1377795567984648195, "username": "prfmnews", "likes": [], "retweet": ["matsui03"]}, {"tweet_id": 1377544735980593152, "username": "prfmnews", "likes": [], "retweet": []}, {"tweet_id": 1376863827870982152, "username": "prfmnews", "likes": [], "retweet": []}, {"tweet_id": 1376762136395849729, "username": "prfmnews", "likes": [], "retweet": ["syaeful_mustofa"]}, {"tweet_id": 1376761974135001097, "username": "prfmnews", "likes": [], "retweet": []}, {"tweet_id": 1376761836863770626, "username": "prfmnews", "likes": ["tanugra6", "ghazweet"], "retweet": ["Icahfirmansyah"]}, {"tweet_id": 1376721523004739585, "username": "prfmnews", "likes": ["tanugra6", "ZakieRivaldi"], "retweet": ["tanugra6", "numansyauqi", "ZakieRivaldi", "nanuths", "syaeful_mustofa"]}, {"tweet_id": 1375759826475622404, "username": "prfmnews", "likes": ["arsumantri8", "ghazweet", "movicgu"], "retweet": []}, {"tweet_id": 1375295898641567744, "username": "prfmnews", "likes": ["dexca_marta", "anjas_asyari1", "ZakieRivaldi", "aeptawaf", "dkimy0102", "KangDonna1"], "retweet": ["Harry_Soedyanto", "anggifatmah", "ZakieRivaldi", "seputaran_bdg"]}, {"tweet_id": 1375076709809053699, "username": "prfmnews", "likes": ["Kusumah94841006"], "retweet": []}, {"tweet_id": 1375067341059452928, "username": "prfmnews", "likes": ["Tiyorzkym"], "retweet": []}, {"tweet_id": 1374943298696093697, "username": "prfmnews", "likes": [], "retweet": []}, {"tweet_id": 1374919655739981825, "username": "prfmnews", "likes": [], "retweet": []}, {"tweet_id": 1374581081203040256, "username": "prfmnews", "likes": [], "retweet": []}, {"tweet_id": 1374556769033220098, "username": "prfmnews", "likes": [], "retweet": []}, {"tweet_id": 1374324955043667971, "username": "prfmnews", "likes": ["ajoz19"], "retweet": []}, {"tweet_id": 1374284113083965443, "username": "prfmnews", "likes": [], "retweet": []}, {"tweet_id": 1373864146886746121, "username": "prfmnews", "likes": ["zuhdika"], "retweet": []}, {"tweet_id": 1373840473983348740, "username": "prfmnews", "likes": [], "retweet": []}, {"tweet_id": 1373838673741971464, "username": "prfmnews", "likes": [], "retweet": []}, {"tweet_id": 1373833108600987655, "username": "prfmnews", "likes": [], "retweet": []}, {"tweet_id": 1373802031823998976, "username": "prfmnews", "likes": [], "retweet": ["baleendah_info"]}, {"tweet_id": 1373799328779706368, "username": "prfmnews", "likes": ["Nadyaddina"], "retweet": []}, {"tweet_id": 1373462600982298629, "username": "prfmnews", "likes": ["b0ij0j0", "TONIGUN48152913", "sutikna", "lenyvitriasari", "_Gagan_Algarni_"], "retweet": ["b0ij0j0", "bagasardhip"]}, {"tweet_id": 1373164301985349636, "username": "prfmnews", "likes": ["veraagustian_", "SandiSN_"], "retweet": []}, {"tweet_id": 1373112844959375360, "username": "prfmnews", "likes": ["sumantopraja"], "retweet": ["sumantopraja"]}, {"tweet_id": 1373086506395471874, "username": "prfmnews", "likes": ["Cloudz_matrix", "DrNurjaya", "HangOve45839539", "Biano64", "36Iws", "asungkono", "Shop_k7", "Awang24901008"], "retweet": ["supriadiandi79", "DrNurjaya", "baleendah_info", "gilangnugraha85", "hyvaikal", "fbalgasir", "FahdianAG"]}, {"tweet_id": 1372894775594999817, "username": "prfmnews", "likes": ["Tiyorzkym"], "retweet": []}, {"tweet_id": 1372806866133155844, "username": "prfmnews", "likes": ["Rina_shanti"], "retweet": []}, {"tweet_id": 1372797123788378113, "username": "prfmnews", "likes": ["Tiyorzkym"], "retweet": []}, {"tweet_id": 1372769781766520838, "username": "prfmnews", "likes": [], "retweet": []}, {"tweet_id": 1372769498030174208, "username": "prfmnews", "likes": [], "retweet": ["hendikrakus"]}, {"tweet_id": 1372741691669504001, "username": "prfmnews", "likes": [], "retweet": []}, {"tweet_id": 1372740605592236032, "username": "prfmnews", "likes": [], "retweet": ["nanuths"]}, {"tweet_id": 1372356932749590528, "username": "prfmnews", "likes": ["donimoen", "sasmitha_andre", "ds081198sg_move", "davidbagong", "Biano64", "ZakieRivaldi", "YAri7771998", "adeirma_r", "sumintaliud342"], "retweet": ["ZakieRivaldi", "syaeful_mustofa", "gilangnugraha85", "arzmln7"]}, {"tweet_id": 1372102008878997507, "username": "prfmnews", "likes": ["MartinParlindu1", "cyrawords"], "retweet": ["MartinParlindu1"]}, {"tweet_id": 1372101743778013188, "username": "prfmnews", "likes": ["MartinParlindu1", "drasidin", "nurmalati_"], "retweet": ["MartinParlindu1"]}, {"tweet_id": 1372091780854808577, "username": "prfmnews", "likes": ["TensNurzaman", "MartinParlindu1", "tris_bdg", "riukun88", "quinfay", "danidemang85", "sharywidy", "Sulistiawat_Tri", "naja_ludiana", "giaontweet", "ariefandroix", "TrianSipit", "DelzFa24_", "DeliStanz", "hadiana_harry", "myalterna"], "retweet": ["duddydudung", "MartinParlindu1", "Arief46770723", "alanesia"]}, {"tweet_id": 1372083951683080193, "username": "prfmnews", "likes": [], "retweet": ["justandhi"]}, {"tweet_id": 1372072982881824777, "username": "prfmnews", "likes": [], "retweet": ["Ronizukipurnama"]}, {"tweet_id": 1372063939991793669, "username": "prfmnews", "likes": [], "retweet": ["CecepSutandi"]}, {"tweet_id": 1372043785996173317, "username": "prfmnews", "likes": ["WWNRHY"], "retweet": []}, {"tweet_id": 1371982471558881284, "username": "prfmnews", "likes": ["tris_bdg", "BothakKirno", "ANANG21009447", "ghazweet"], "retweet": ["tris_bdg", "baleendah_info", "barkode46", "BothakKirno", "AdipatiJulian22"]}, {"tweet_id": 1371803106325897219, "username": "prfmnews", "likes": [], "retweet": []}, {"tweet_id": 1371802212662267904, "username": "prfmnews", "likes": ["Biano64", "HangOve45839539"], "retweet": []}, {"tweet_id": 1371771680016633861, "username": "prfmnews", "likes": ["MamiY62"], "retweet": []}, {"tweet_id": 1371640009258790913, "username": "prfmnews", "likes": [], "retweet": []}, {"tweet_id": 1371455110207868928, "username": "prfmnews", "likes": [], "retweet": []}, {"tweet_id": 1371373084398080004, "username": "prfmnews", "likes": [], "retweet": []}, {"tweet_id": 1370958465863020552, "username": "prfmnews", "likes": ["MamiY62", "b0ij0j0", "MaulanaRadika"], "retweet": ["b0ij0j0", "baleendah_info"]}, {"tweet_id": 1370735221256056832, "username": "prfmnews", "likes": ["b0ij0j0", "Dessyalifiah"], "retweet": []}, {"tweet_id": 1370618679155511298, "username": "prfmnews", "likes": ["me_Merla"], "retweet": []}, {"tweet_id": 1370576652254605316, "username": "prfmnews", "likes": ["b0ij0j0", "ramatriaw"], "retweet": ["b0ij0j0"]}, {"tweet_id": 1370567658194620416, "username": "prfmnews", "likes": ["Herytono_Shi"], "retweet": []}, {"tweet_id": 1370262948581568512, "username": "prfmnews", "likes": [], "retweet": []}, {"tweet_id": 1370232449288957953, "username": "prfmnews", "likes": ["akuluthfi", "Biano64"], "retweet": []}, {"tweet_id": 1369834826472198148, "username": "prfmnews", "likes": ["b0ij0j0", "Kusumah94841006"], "retweet": []}, {"tweet_id": 1369634295602577417, "username": "prfmnews", "likes": ["168udi", "AndriKu59085591", "f_yathir"], "retweet": ["168udi"]}, {"tweet_id": 1369568398011551745, "username": "prfmnews", "likes": [], "retweet": []}, {"tweet_id": 1369563490420019205, "username": "prfmnews", "likes": ["drasidin", "Bandung_Dinkes"], "retweet": ["birdhotels_bdg"]}, {"tweet_id": 1369477469820973056, "username": "prfmnews", "likes": ["b0ij0j0", "Kusumah94841006"], "retweet": ["b0ij0j0"]}, {"tweet_id": 1369242985016168454, "username": "prfmnews", "likes": [], "retweet": []}, {"tweet_id": 1369174162623795202, "username": "prfmnews", "likes": [], "retweet": []}, {"tweet_id": 1369168489966051328, "username": "prfmnews", "likes": ["novablyze"], "retweet": []}, {"tweet_id": 1369165847986499586, "username": "prfmnews", "likes": [], "retweet": []}, {"tweet_id": 1369101045108936706, "username": "prfmnews", "likes": [], "retweet": ["baleendah_info"]}, {"tweet_id": 1368903886468091905, "username": "prfmnews", "likes": ["adwarkunci", "LukeSilalahi"], "retweet": []}, {"tweet_id": 1368892943759671298, "username": "prfmnews", "likes": ["MamiY62", "hannyjessica", "LukeSilalahi"], "retweet": []}, {"tweet_id": 1368739765978157057, "username": "prfmnews", "likes": [], "retweet": []}, {"tweet_id": 1368134842618028033, "username": "prfmnews", "likes": ["Biano64", "dode_mulyadi"], "retweet": ["suryawanhendri"]}, {"tweet_id": 1368044858196119552, "username": "prfmnews", "likes": ["168udi", "Biano64"], "retweet": ["168udi"]}, {"tweet_id": 1367778129364754434, "username": "prfmnews", "likes": [], "retweet": ["syaeful_mustofa"]}, {"tweet_id": 1367727254223032324, "username": "prfmnews", "likes": ["WidjayaKarta", "amrsto1", "mayaoyhyeah", "dedihermanto813"], "retweet": ["baleendah_info"]}, {"tweet_id": 1367719498124582915, "username": "prfmnews", "likes": [], "retweet": ["BroadcastDOTid", "baleendah_info"]}, {"tweet_id": 1367664698351525888, "username": "prfmnews", "likes": [], "retweet": ["istilageni"]}, {"tweet_id": 1366951466896822272, "username": "prfmnews", "likes": ["tiaramoniccc", "Biano64", "Kusumah94841006"], "retweet": []}, {"tweet_id": 1366949706664873984, "username": "prfmnews", "likes": ["BaisuriYusuf"], "retweet": []}, {"tweet_id": 1366926153923973120, "username": "prfmnews", "likes": [], "retweet": ["Ontaaa"]}, {"tweet_id": 1365917851232665600, "username": "prfmnews", "likes": [], "retweet": []}, {"tweet_id": 1365906432680370176, "username": "prfmnews", "likes": ["OkeAyah", "rosvalino", "asdzxlmn", "uwituwiter"], "retweet": ["melepaskan", "anggifatmah"]}, {"tweet_id": 1365861124751564801, "username": "prfmnews", "likes": [], "retweet": []}, {"tweet_id": 1365579815697346566, "username": "prfmnews", "likes": ["innddiii"], "retweet": []}, {"tweet_id": 1365575970644664328, "username": "prfmnews", "likes": [], "retweet": []}, {"tweet_id": 1365566525051080704, "username": "prfmnews", "likes": [], "retweet": ["tatanmunandar", "sanybachtiar"]}, {"tweet_id": 1365484410447953920, "username": "prfmnews", "likes": ["jauhanih"], "retweet": ["brmstiadi", "dedihermanto813", "baleendah_info"]}, {"tweet_id": 1365474724529102849, "username": "prfmnews", "likes": ["b0ij0j0", "168udi", "n_jatilesmana"], "retweet": ["b0ij0j0", "Nikoalvi", "168udi", "FahdianAG", "syaeful_mustofa"]}, {"tweet_id": 1365269283073187841, "username": "prfmnews", "likes": ["Biano64"], "retweet": []}, {"tweet_id": 1365184473235525632, "username": "prfmnews", "likes": ["KangDonna1"], "retweet": []}, {"tweet_id": 1365179629040857088, "username": "prfmnews", "likes": [], "retweet": []}, {"tweet_id": 1365130107086540803, "username": "prfmnews", "likes": [], "retweet": []}, {"tweet_id": 1365116162439147521, "username": "prfmnews", "likes": ["Biano64"], "retweet": ["epan89"]}, {"tweet_id": 1365111803152191490, "username": "prfmnews", "likes": ["feeIthforce"], "retweet": []}, {"tweet_id": 1364911012562919424, "username": "prfmnews", "likes": [], "retweet": []}, {"tweet_id": 1364773323587022857, "username": "prfmnews", "likes": ["b0ij0j0"], "retweet": ["b0ij0j0", "syaeful_mustofa"]}, {"tweet_id": 1364569736374194182, "username": "prfmnews", "likes": ["Biano64"], "retweet": []}, {"tweet_id": 1364560579151548421, "username": "prfmnews", "likes": [], "retweet": []}, {"tweet_id": 1364507687615033344, "username": "prfmnews", "likes": ["Biano64"], "retweet": []}, {"tweet_id": 1364507597064138754, "username": "prfmnews", "likes": ["Biano64"], "retweet": []}, {"tweet_id": 1364220263131344897, "username": "prfmnews", "likes": ["IwanIwancoy5200", "DikdikAlamsah", "Biano64"], "retweet": ["baleendah_info"]}, {"tweet_id": 1364156291023736841, "username": "prfmnews", "likes": ["yotenivanity", "budipitono1"], "retweet": []}, {"tweet_id": 1364150528695881731, "username": "prfmnews", "likes": ["Ujang_Emul"], "retweet": ["Ujang_Emul"]}, {"tweet_id": 1364103967207137280, "username": "prfmnews", "likes": ["Biano64"], "retweet": []}, {"tweet_id": 1363827093805494274, "username": "prfmnews", "likes": [], "retweet": []}, {"tweet_id": 1363813613467693059, "username": "prfmnews", "likes": ["VcEeyes"], "retweet": ["baleendah_info"]}, {"tweet_id": 1363315419709206529, "username": "prfmnews", "likes": [], "retweet": ["pramuditq"]}, {"tweet_id": 1362941952254124032, "username": "prfmnews", "likes": [], "retweet": []}, {"tweet_id": 1362764407349137411, "username": "prfmnews", "likes": ["michaelsambact"], "retweet": []}, {"tweet_id": 1362612154097037312, "username": "prfmnews", "likes": ["MamiY62"], "retweet": []}, {"tweet_id": 1362354485213990912, "username": "prfmnews", "likes": ["Receiver_99", "Biano64"], "retweet": []}, {"tweet_id": 1362198868671090689, "username": "prfmnews", "likes": ["MamiY62", "168udi", "Biji_koaci", "Nauval_jangkung"], "retweet": ["168udi", "syaeful_mustofa"]}, {"tweet_id": 1361962837153705984, "username": "prfmnews", "likes": [], "retweet": []}, {"tweet_id": 1361958522544480263, "username": "prfmnews", "likes": [], "retweet": []}, {"tweet_id": 1361886499201933313, "username": "prfmnews", "likes": [], "retweet": []}, {"tweet_id": 1361880225634680834, "username": "prfmnews", "likes": ["mulyati_yayan"], "retweet": []}, {"tweet_id": 1361857597028982791, "username": "prfmnews", "likes": ["Igo_winata"], "retweet": []}, {"tweet_id": 1361233337923239941, "username": "prfmnews", "likes": ["DrNurjaya", "KangDonna1"], "retweet": ["pawerpuffgurl", "DrNurjaya", "luqman78"]}]