{"id": 1373398774781911040, "conversation_id": "1373096752652292096", "created_at": "2021-03-21 05:19:19 SE Asia Standard Time", "date": "2021-03-21", "time": "05:19:19", "timezone": "+0700", "user_id": 924280674797809664, "username": "mamiy62", "name": "Mami62", "place": "", "tweet": "@FirzaHusain Insya Allah....smg vaksin lancar utk semua  Sehaaattt2 semua....  Smg bisa mudik dgn nyaman. Tetep dgn prokes yg baik n benar", "language": "in", "mentions": [], "urls": [], "photos": [], "replies_count": 0, "retweets_count": 1, "likes_count": 2, "hashtags": [], "cashtags": [], "link": "https://twitter.com/MamiY62/status/1373398774781911040", "retweet": false, "quote_url": "", "video": 0, "thumbnail": "", "near": "", "geo": "", "source": "", "user_rt_id": "", "user_rt": "", "retweet_id": "", "reply_to": [{"screen_name": "FirzaHusain", "name": "Firza Husain", "id": "816805902804099072"}], "retweet_date": "", "translate": "", "trans_src": "", "trans_dest": ""}
{"id": 1372781857796853760, "conversation_id": "1372779464787042305", "created_at": "2021-03-19 12:27:54 SE Asia Standard Time", "date": "2021-03-19", "time": "12:27:54", "timezone": "+0700", "user_id": 924280674797809664, "username": "mamiy62", "name": "Mami62", "place": "", "tweet": "@jokowi Alhamdulillah....lancar n smg cepat di vaksin semuanya. Sehaaaattt semua....", "language": "in", "mentions": [], "urls": [], "photos": [], "replies_count": 0, "retweets_count": 0, "likes_count": 0, "hashtags": [], "cashtags": [], "link": "https://twitter.com/MamiY62/status/1372781857796853760", "retweet": false, "quote_url": "", "video": 0, "thumbnail": "", "near": "", "geo": "", "source": "", "user_rt_id": "", "user_rt": "", "retweet_id": "", "reply_to": [{"screen_name": "jokowi", "name": "Joko Widodo", "id": "366987179"}], "retweet_date": "", "translate": "", "trans_src": "", "trans_dest": ""}
{"id": 1377173259947438084, "conversation_id": "1377132467740499968", "created_at": "2021-03-31 15:17:46 SE Asia Standard Time", "date": "2021-03-31", "time": "15:17:46", "timezone": "+0700", "user_id": 194406995, "username": "ghazweet", "name": "Overclocking", "place": "", "tweet": "@eLFathir_ biarin aja, ga usah dikasih..  jatahnya buat yg mau aja..  masih bnyk yg mau..  ATAU...  pura2 nolak, padahal diem2 minta vaksin duluan??  🤔", "language": "in", "mentions": [], "urls": [], "photos": [], "replies_count": 0, "retweets_count": 0, "likes_count": 0, "hashtags": [], "cashtags": [], "link": "https://twitter.com/ghazweet/status/1377173259947438084", "retweet": false, "quote_url": "", "video": 0, "thumbnail": "", "near": "", "geo": "", "source": "", "user_rt_id": "", "user_rt": "", "retweet_id": "", "reply_to": [], "retweet_date": "", "translate": "", "trans_src": "", "trans_dest": ""}
{"id": 1362289674421633024, "conversation_id": "1362079068317835264", "created_at": "2021-02-18 13:35:43 SE Asia Standard Time", "date": "2021-02-18", "time": "13:35:43", "timezone": "+0700", "user_id": 194406995, "username": "ghazweet", "name": "Overclocking", "place": "", "tweet": "@Dark_Anger1 mungkin lebih tepatnya, overdosis Politisasi Agama..  oleh oknum tertentu, Agama hanya dipakai untuk menyalahkan orang lain.. padahal, bicara vaksin covid itu juga agama, menghargai kehidupan, mengobati yg sakit, itu Agama..", "language": "in", "mentions": [], "urls": [], "photos": [], "replies_count": 0, "retweets_count": 1, "likes_count": 3, "hashtags": [], "cashtags": [], "link": "https://twitter.com/ghazweet/status/1362289674421633024", "retweet": false, "quote_url": "", "video": 0, "thumbnail": "", "near": "", "geo": "", "source": "", "user_rt_id": "", "user_rt": "", "retweet_id": "", "reply_to": [{"screen_name": "Dark_Anger1", "name": "The Last Man Standing", "id": "1131103146564935681"}], "retweet_date": "", "translate": "", "trans_src": "", "trans_dest": ""}
{"id": 1371396043275866117, "conversation_id": "1359732777252364288", "created_at": "2021-03-15 16:41:10 SE Asia Standard Time", "date": "2021-03-15", "time": "16:41:10", "timezone": "+0700", "user_id": 1175400158768484354, "username": "martinparlindu1", "name": "Martin Parlindungan", "place": "", "tweet": "@diskesjabar Selalu yang utama, 😍....... Selamat sore bpk / ibu Dinkes Jawa Barat pelayan masyarakat , saya Martin warga  Bandung, mau nanya acara vaksin untuk lansia umum, apa ambil nomer antrian atau bagai mana ya? 😷", "language": "in", "mentions": [], "urls": [], "photos": [], "replies_count": 0, "retweets_count": 1, "likes_count": 1, "hashtags": [], "cashtags": [], "link": "https://twitter.com/MartinParlindu1/status/1371396043275866117", "retweet": false, "quote_url": "", "video": 0, "thumbnail": "", "near": "", "geo": "", "source": "", "user_rt_id": "", "user_rt": "", "retweet_id": "", "reply_to": [{"screen_name": "diskesjabar", "name": "Dinkes Jabar | #AyoPakaiMasker", "id": "1963724934"}], "retweet_date": "", "translate": "", "trans_src": "", "trans_dest": ""}
{"id": 1378869659424813059, "conversation_id": "1378733719553368065", "created_at": "2021-04-05 07:38:39 SE Asia Standard Time", "date": "2021-04-05", "time": "07:38:39", "timezone": "+0700", "user_id": 2336207202, "username": "drnurjaya", "name": "Achmad N.", "place": "", "tweet": "@Anonymous_2024 Penyebabnya vaksin astra zenica??? Mohon Pemerintah memberikan penjelasan , supaya masyarskat menjadi lebih paham .tks", "language": "in", "mentions": [], "urls": [], "photos": [], "replies_count": 1, "retweets_count": 1, "likes_count": 12, "hashtags": [], "cashtags": [], "link": "https://twitter.com/DrNurjaya/status/1378869659424813059", "retweet": false, "quote_url": "", "video": 0, "thumbnail": "", "near": "", "geo": "", "source": "", "user_rt_id": "", "user_rt": "", "retweet_id": "", "reply_to": [{"screen_name": "Anonymous_2024", "name": "Anonymous》YOUR NAME", "id": "1310802353310765056"}], "retweet_date": "", "translate": "", "trans_src": "", "trans_dest": ""}
{"id": 1367418774387712000, "conversation_id": "1367392230541905923", "created_at": "2021-03-04 17:16:55 SE Asia Standard Time", "date": "2021-03-04", "time": "17:16:55", "timezone": "+0700", "user_id": 183644822, "username": "tris_bdg", "name": "𝓶𝓪𝓷𝓰𝓽𝓻𝓲𝓼", "place": "", "tweet": "@satriohendri @jokowi oke sih, tp kok tambah ruwet kang hendri. lha kalo sinovac kepriben????", "language": "in", "mentions": [], "urls": [], "photos": [], "replies_count": 0, "retweets_count": 0, "likes_count": 1, "hashtags": [], "cashtags": [], "link": "https://twitter.com/tris_bdg/status/1367418774387712000", "retweet": false, "quote_url": "", "video": 0, "thumbnail": "", "near": "", "geo": "", "source": "", "user_rt_id": "", "user_rt": "", "retweet_id": "", "reply_to": [{"screen_name": "satriohendri", "name": "Hendri Satrio", "id": "102938290"}, {"screen_name": "jokowi", "name": "Joko Widodo", "id": "366987179"}], "retweet_date": "", "translate": "", "trans_src": "", "trans_dest": ""}
{"id": 1372355290809606148, "conversation_id": "1372354900642856960", "created_at": "2021-03-18 08:12:53 SE Asia Standard Time", "date": "2021-03-18", "time": "08:12:53", "timezone": "+0700", "user_id": 358459560, "username": "anggifatmah", "name": "Nona", "place": "", "tweet": "@AdhitCopas Selamat dan semangat di vaksin 😊", "language": "in", "mentions": [], "urls": [], "photos": [], "replies_count": 0, "retweets_count": 0, "likes_count": 1, "hashtags": [], "cashtags": [], "link": "https://twitter.com/anggifatmah/status/1372355290809606148", "retweet": false, "quote_url": "", "video": 0, "thumbnail": "", "near": "", "geo": "", "source": "", "user_rt_id": "", "user_rt": "", "retweet_id": "", "reply_to": [{"screen_name": "AdhitCopas", "name": "ABAH ANOM", "id": "1349378727365341184"}], "retweet_date": "", "translate": "", "trans_src": "", "trans_dest": ""}
{"id": 1379050123532111880, "conversation_id": "1379050123532111880", "created_at": "2021-04-05 19:35:45 SE Asia Standard Time", "date": "2021-04-05", "time": "19:35:45", "timezone": "+0700", "user_id": 99029950, "username": "sanybachtiar", "name": "Sany Bachtiar", "place": "", "tweet": "Vaksin dosis 1                                     vaksin dosis 2  https://t.co/0YzS6btJVk", "language": "fi", "mentions": [], "urls": [], "photos": ["https://pbs.twimg.com/media/EyNevwVVoAQCBhz.jpg", "https://pbs.twimg.com/media/EyNexFKU4AYuHne.jpg"], "replies_count": 0, "retweets_count": 0, "likes_count": 0, "hashtags": [], "cashtags": [], "link": "https://twitter.com/sanybachtiar/status/1379050123532111880", "retweet": false, "quote_url": "", "video": 1, "thumbnail": "https://pbs.twimg.com/media/EyNevwVVoAQCBhz.jpg", "near": "", "geo": "", "source": "", "user_rt_id": "", "user_rt": "", "retweet_id": "", "reply_to": [], "retweet_date": "", "translate": "", "trans_src": "", "trans_dest": ""}
{"id": 1373122953039126533, "conversation_id": "1373122497709703172", "created_at": "2021-03-20 11:03:18 SE Asia Standard Time", "date": "2021-03-20", "time": "11:03:18", "timezone": "+0700", "user_id": 99029950, "username": "sanybachtiar", "name": "Sany Bachtiar", "place": "", "tweet": "@tirta_hudhi Harus memisahkan diri dari keluarga gak dok setelah di vaksin?", "language": "in", "mentions": [], "urls": [], "photos": [], "replies_count": 1, "retweets_count": 0, "likes_count": 0, "hashtags": [], "cashtags": [], "link": "https://twitter.com/sanybachtiar/status/1373122953039126533", "retweet": false, "quote_url": "", "video": 0, "thumbnail": "", "near": "", "geo": "", "source": "", "user_rt_id": "", "user_rt": "", "retweet_id": "", "reply_to": [{"screen_name": "tirta_hudhi", "name": "DOKTER TITAN", "id": "116632682"}], "retweet_date": "", "translate": "", "trans_src": "", "trans_dest": ""}
{"id": 1373121111567704070, "conversation_id": "1373121111567704070", "created_at": "2021-03-20 10:55:59 SE Asia Standard Time", "date": "2021-03-20", "time": "10:55:59", "timezone": "+0700", "user_id": 99029950, "username": "sanybachtiar", "name": "Sany Bachtiar", "place": "", "tweet": "Dok @tirta_hudhi reaksi stelah di vaksin koq lapar terus ya hhaa pada baru 30 menit yg lalu makan  https://t.co/hxzFFK930z", "language": "in", "mentions": [{"screen_name": "tirta_hudhi", "name": "dokter titan", "id": "116632682"}], "urls": [], "photos": ["https://pbs.twimg.com/media/Ew5OX4UUUAAtuzk.jpg"], "replies_count": 0, "retweets_count": 0, "likes_count": 10, "hashtags": [], "cashtags": [], "link": "https://twitter.com/sanybachtiar/status/1373121111567704070", "retweet": false, "quote_url": "", "video": 1, "thumbnail": "https://pbs.twimg.com/media/Ew5OX4UUUAAtuzk.jpg", "near": "", "geo": "", "source": "", "user_rt_id": "", "user_rt": "", "retweet_id": "", "reply_to": [], "retweet_date": "", "translate": "", "trans_src": "", "trans_dest": ""}
