[{"tweet_id": 1366995213810470922, "username": "jumhanatintin", "likes": ["SukuJambax"], "retweet": []}, {"tweet_id": 1364090860011282445, "username": "azayakanaria", "likes": ["delzitaz"], "retweet": []}, {"tweet_id": 1378651515116654593, "username": "sipalika", "likes": [], "retweet": []}, {"tweet_id": 1368082883240325123, "username": "wangsaindria", "likes": [], "retweet": []}, {"tweet_id": 1365482294182481922, "username": "wangsaindria", "likes": [], "retweet": []}, {"tweet_id": 1382302635156406274, "username": "dr_koko28", "likes": ["Setty04_me", "nasiketjap", "YuliNurjannah1", "mbu_ita", "yulita47268192", "Lala_laaa02", "yayapng_", "sapto_hutomo", "isengbertani", "85albasrihasan", "ahamzah69", "putrabaligmail1", "nellysapta", "Susanto21585883", "WongNde67467322", "TSRainy", "DikesBima", "northofthegold", "fachriarsenal", "Yusuf69911010", "Fath_Vi", "EkyYuliarto", "bismillah2iimh5", "santoign5", "habibullahalami", "kimi04ira", "mangewunan", "HartonoKetut", "Wa_One1904", "lizaariani5", "Andy56189515", "TutiPufi", "HandokoMufida", "Lau5972", "selannnn", "Rian_arli", "Naldirusli2", "fiosalma"], "retweet": ["ikhwan_yan", "Setty04_me", "dwisatriop_", "brownsyugarrr_", "kristhiankevin", "faradhil", "tujuhtigatujuh", "GaestroOrly", "MohRyanPratama", "TenagaNukIir", "85albasrihasan", "banyakduid99x", "andieset13", "Susanto21585883", "RadiatanMardia3", "UMarpipi", "om_oga", "zahraaaae13", "RaihanAlthafFi1", "ongmawei", "bekeraza", "MoeslimWay", "xxtrbltroe", "ardhinotonegoro", "itafgaul", "ipoet_aja", "jono527", "Arf_f4d", "ustaduyon", "lizaariani5", "iythaiytha", "gamaukurus0", "Hudananta", "RuslanGasang", "fahmaddany"]}, {"tweet_id": 1382098494345801728, "username": "dr_koko28", "likes": ["EkaFitr99536464", "Brewokbadder", "TajamPena", "auliarismal", "lina_linadjedje", "rosediani990", "yangfeb21", "faith_khalaf", "Risma_Nurh", "nsyammach", "AghnaFath", "yulied", "Camelaila1", "aniek_rizka", "bekeraza", "goldiedey", "68ais", "firqoh_naziyah", "gidry3", "mfauzirizal82", "imazesemka", "febriana_desta", "Itsmaryanti", "EdwarFeggy", "Ayoeng18", "Febyval22", "Nisa05182732", "______hanabi", "BangGodham", "xdnan7", "anggadp87", "Aryans_karo", "UAgil4", "Dindin_Nutr", "Sunarti25231614", "myanauvel", "saiful2172"], "retweet": ["Supriya72540457", "Ingin_Bersuara", "irsyadbustaman", "dwikidss8", "mayaayong", "Raja_Barra", "sukaastorr", "Camelaila1", "akhirzaman78", "Boruhutapea18", "chikichitos", "mrs_titta", "bekeraza"]}, {"tweet_id": 1381903738986668035, "username": "dr_koko28", "likes": ["TongSate", "PrabRhade", "GintingNathan", "taksempurna1210", "Ikareskiaa", "antihalim", "BintiElda", "iirkoe_", "nendensarifah81", "BubukWC", "ApayBj", "zahidahmad85", "RiaFitr82109094", "beautydyah", "hadisulisdado", "bellewuri2", "bekeraza", "mieerra2015", "chorzleth", "kangbra1912", "HabuJumri", "kurniadji97", "itafgaul", "panggilajainas", "nadira_fay", "twhandayani78", "WahanganC", "IlhamRizaldi17", "simsonwb", "KimiKim08141964", "Diyah_halima97", "nafiisahseff", "Qi_Mardia", "dedysuwondo", "yantheee", "capungkuning1", "gesti_90"], "retweet": ["zahidahmad85", "IbrahimGarcia19", "beautydyah", "xxbabypeachyy", "Rizal10100", "bekeraza", "itafgaul"]}, {"tweet_id": 1381473458836566018, "username": "dr_koko28", "likes": ["soesantihartono", "AmeriaFirdauzy", "diana_mayawati", "UmiK262", "rosediani990", "LianAuguzt", "Kachonk35_79", "Dhi2t_Unique", "agung7cantona", "antihalim", "Kartika99403262", "JeckDumai", "Wawaayyubiyah1", "ratihwulans", "Ingko_Gaib", "bintanggeMitang", "RiaFitr82109094", "AnshariHadi72", "Beeunty1", "ra_effendy", "tiautamii", "Nurwiyati8", "Muamar72384792", "mastuyi", "ellitesquad", "dee_egha", "Mcayyazka", "Suwarso33040972", "Firmanpaytren3", "Dadu24439009", "FadyaUmmu", "HartonoKetut", "mofirad", "Gondesjogja", "KimiKim08141964", "simsonwb", "alfasyahri15", "NAshfinawati", "vitta_mangelep"], "retweet": ["rizayana", "NandaDaulay7", "mofirad", "qyrasr", "LianAuguzt", "Kachonk35_79", "DaniCicadasBdg", "rillamaria_", "EdwarFeggy", "khansamuthian", "Syamsud76579252", "SayurLodehRiego", "Muchsin_Me", "ahmad_amien756", "bekeraza"]}, {"tweet_id": 1380943331593609222, "username": "dr_koko28", "likes": ["YeyenAg90752540", "MelaAme14943865", "rnarizki", "AtiSitiNurhaya4", "LukmanYaser", "gloriahermawan", "nurmann589", "FarukbeJadd", "Arissss75056867", "yulied", "Ingko_Gaib", "NNdrae", "AnshariHadi72", "Nunu26522976", "hadisulisdado", "BoyTheleb", "bekeraza", "RiesaSugianto1", "btc_idn", "AttySugiarti", "Anandagita1986", "yuelan13", "wiiiiiiiiiiiwi", "Ayoeng18", "pulu_yan", "indo_Rahmatx", "akutehlita", "HartonoKetut", "annisa_faizal", "rezaa_ejaa", "indah11", "ali_sopyan79", "novvi_dewi", "amelftm_", "fatonah14", "EmmaNikmah", "Donaymokoginta"], "retweet": ["Nesta_AL_ALI", "Ingin_Bersuara", "LukmanYaser", "ismailhasan13", "YunusAntares", "drnewstwit", "Alva47831808", "bekeraza"]}, {"tweet_id": 1380869176831533061, "username": "dr_koko28", "likes": ["umar_agil", "kurniasariutami", "TajamPena", "ichsan2014", "Koleeekdol", "nyonyahsyuper", "DesyKar41030160", "FarukbeJadd", "AtmadjaEranio", "Radenmasbro7", "DodiJuliananta", "ocin71", "analisgk", "mfalfarisi", "GalileoGilelo", "wahidixe", "ymelayuha", "Irtupasah_Doea", "arisstyadi340", "Chootabeem1", "mfauzirizal82", "Fakhruldan", "Al_ChodCh78", "Lufianisa", "FadyaUmmu", "sean_husen", "AbdullahElFaqi1", "jhs_milanisti1", "HartonoKetut", "isnana1518", "Dindin_Nutr", "akhwatelya", "dr_mayangindah", "EdyAryanto7", "EmmaNikmah", "HarrisBarus", "gesti_90"], "retweet": ["hjkuncoro", "Ingin_Bersuara", "huda183", "queennintan", "asafiera_", "Alva47831808", "ocin71", "almariyaniz", "AfrizaMunaf", "monika_monika77", "ElWirahadi", "MamimiLika", "Ibnu_Sab1l", "hartono_mulyadi", "d2balitour", "bekeraza", "ArfanRazif", "wirascorpig", "AlfikriFauzi", "YaminLG", "rillamaria_", "RickyNSas", "Aditrrahadi", "sean_husen", "Self_An", "ihateraindude", "Abufakhri18", "bimtut", "DontcryindoKid"]}, {"tweet_id": 1380823159490760704, "username": "dr_koko28", "likes": ["deasi912", "ABaz_KAra", "imambs185", "MahaD3w4", "NelldeeShop", "wariadiraharjo", "OwnerRaos", "Alifpratama88", "Diiaan_ayu", "Luxman22121764", "EniRositaa", "mantriproyek", "hadisulisdado", "BoyTheleb", "bekeraza", "bidanfetty", "JaenoXTM", "RafianiR", "Satria67397632", "Dadu24439009", "Barbarr95788523", "bude_srie", "ibnualnumui", "RinaNoorW", "Awangizel", "wulan_hidajat", "nurakandi", "anaqsaraf", "chayiet", "FarisLangkat", "IrianiWidyastu9", "SevenSeas87", "MiraRatnaS", "sabdin_alsaduh", "gesti_90"], "retweet": ["dien33", "AditPutraH", "Alva47831808", "BudiTurmudzi", "Rika57904232", "Helmi67711233", "JebulMania291", "noni__aja", "bekeraza", "kyanom", "FYAbye", "Wwwinnnnn1", "nambahsahabat", "ded_indra", "Hariri48932987", "akhirzaman78", "arifin_alif", "malik230191", "glassfatah"]}, {"tweet_id": 1380544234646687744, "username": "dr_koko28", "likes": ["yusup_wibisono", "AmeriaFirdauzy", "NKRI_NTBSasambo", "rnarizki", "Nonaririnbudi1", "nadrayanti", "s_azkiya", "gloriahermawan", "akdintanjung", "annyammah", "ratihwulans", "Kaburan7", "IenSolihin", "dulgenk", "sitsoly", "dainthenai", "bekeraza", "imazesemka", "hilal077513", "Betadin7", "Yuliant95452148", "Ayoeng18", "GibraltarNc", "Panji_Masyaid", "adillawk1", "_RezaYudhistira", "mofirad", "agus_soekro", "Ahmadbinthalib", "FarikhahAbdull1", "nurielsabil", "n1_smk", "EmmaNikmah", "whoislaverdad", "Alfiah1310", "yansorrom"], "retweet": ["rezzanto", "NKRI_NTBSasambo", "Abdiezidane10", "mofirad", "BrowSniperBack", "ibtisaam_r", "luhung72274343", "Bougain34875357", "bekeraza", "ordinary68", "rizal9973", "Syamsud76579252", "JohnT7582", "NegaraKecil", "tongsam_pah"]}, {"tweet_id": 1380495439141609475, "username": "dr_koko28", "likes": [], "retweet": []}, {"tweet_id": 1380495093803716610, "username": "dr_koko28", "likes": ["palupihandayan7", "dnvrsta", "dsyrhmw", "akurikaa", "Nursulaeman7", "MelaAme14943865", "Benangkusut31", "ibtisaam_r", "Yuke61698825", "Fadlyz4in", "BumiBibit2", "ZAflida", "isengbertani", "Sunsundus1", "superijadi", "AloelAsheen", "PopeyeGD", "Arissss75056867", "MizZ_Juli", "yulied", "YoengYen", "almantouphy", "ymelayuha", "Nenglin7", "cbudiman42", "idarina_69", "______hanabi", "nadira_fay", "NFKdila", "EliSugiarti", "YudhiChania", "zuriska_k", "TunsHendrawan", "Budianto16Kukuh", "Husnul_78", "PuanTuah"], "retweet": ["ysuyono75", "dnvrsta", "mohbunyan", "ibtisaam_r", "had1_purnomo", "dido_myname", "bekeraza"]}, {"tweet_id": 1380374836535455747, "username": "dr_koko28", "likes": ["imaqw02", "Mas__Kris", "PrabRhade", "MelaAme14943865", "supiaman_asep", "semangkokkaa", "MjAgungNugroho1", "Widiast32861669", "IrwansyahDewan3", "anandatian01", "NelldeeShop", "Alva47831808", "Kaburan7", "Luxman22121764", "Tsuukiii_", "AltuntangH", "hadisulisdado", "farmelia", "Masartono", "bekeraza", "Satria67397632", "rohma_umayanti", "Yuliant95452148", "SriPeni1", "Atin62532455", "Benjot83616777", "yucha91705025", "himura89517038", "dijuarai", "ferawat47586641", "FarisLangkat", "sukaastorr", "Pisendo", "EmmaNikmah", "MiraRatnaS"], "retweet": ["yoen_amalia", "BudiTurmudzi", "hikaritome", "tezarnet", "bunk_zae", "supiaman_asep", "Camelaila1", "XXX_SamURay63", "syaqir_alfonzo", "Alva47831808", "bekeraza", "Nurulkjo1", "himura89517038"]}, {"tweet_id": 1379746740442566664, "username": "dr_koko28", "likes": ["janov20", "albab_boska", "agoeng_drg", "rnarizki", "Hariri_Zen", "ibtisaam_r", "satiri_rofik", "hariyadiagung18", "Widiast32861669", "yayapng_", "chamid2020", "IdaNurh02040151", "SIR_Pribadi", "engkaliska", "AloelAsheen", "intanipk2", "encesutisna", "EvanFerdyansyah", "L4dytyp0__", "ronin_rendahan", "bekeraza", "BilalPANSEL", "Chootabeem1", "septiadhiw", "JumhanaTintin", "Era_Komputama", "Dadu24439009", "AndrianieLisa2", "riefcore", "adillawk1", "twhandayani78", "Aryans_karo", "meongberkumis", "adhi_kusumo", "IlfanIlyas"], "retweet": ["IlfanIlyas", "bekeraza", "itafgaul"]}, {"tweet_id": 1379559226326933504, "username": "dr_koko28", "likes": ["deasi912", "Kiki81134299", "MelaAme14943865", "te_nago", "nadrayanti", "riyadie93", "gloriahermawan", "Widiast32861669", "SIR_Pribadi", "FarukbeJadd", "JihadRisahanto", "lapak_preneur", "sekawaenn", "NMoekijat", "EniRositaa", "L4dytyp0__", "beautydyah", "dodyt14", "Afdhaaal", "oeranksoenda", "Dian__Sasmita", "Suganda92329283", "Bougain34875357", "Alqarni_uwaisy", "Ayoeng18", "UliPasaribu85", "Alie_Fahnoor", "Bram34733603", "yoen_amalia", "RioKreatif99", "Ex23038856", "EmmaNikmah", "rifyuds", "sabdin_alsaduh", "Comrhang_Romeh"], "retweet": ["bob_rahmat", "dasuki_21257", "beautydyah", "SahraAhli", "JebulMania291", "bekeraza"]}, {"tweet_id": 1379314236912902144, "username": "dr_koko28", "likes": ["Gojekmilitan", "SBYuono1", "MelaAme14943865", "Aisha05760496", "apit_kusrenda", "FarukbeJadd", "PrabuKerta", "AloelAsheen", "inishariagriya", "NMoekijat", "donesfour", "ARainyR", "M47272329", "Ronakurniawan", "Camelaila1", "bekeraza", "ichaaren", "bukanloeloe", "uv_firbilland", "gowryeee", "generasibiang", "pocketurtle", "AWijaya777", "jonilonomulia", "Dadu24439009", "Ayoeng18", "Berkah88057601", "RinaNoorW", "HartonoKetut", "Ani59767519", "TutiPufi", "Ekki77337827", "Dharmas56190807", "Novifauzan2", "Alhamdulillahm7", "tatakujiyati", "SintaOk65775745", "royhannurhadi"], "retweet": ["Ingin_Bersuara", "sj_eunhaeyah", "MelaAme14943865", "AditPutraH", "Arif_KaChef", "IyusDarusiam", "Alva47831808", "AloelAsheen", "raihana_wiwieal", "liranti", "zahidashl", "M47272329", "beautydyah", "Camelaila1", "Yaimuthi", "dzy_co", "bekeraza", "generasibiang", "kaktusajaib", "luhung72274343", "antozz"]}, {"tweet_id": 1378587617835450372, "username": "dr_koko28", "likes": ["Mukidioon2", "AbadaAzin", "areal_tube", "syaiful_poles", "Yuni_Astiany", "sigoro_Geni", "dutadonor212", "Zalzali64902095", "ZAflida", "FarukbeJadd", "AbuNail8", "SalehNovel", "Ridho_smd", "dputriwidya", "bokonggemol", "dearsy", "bekeraza", "AhYanuar", "llalunnaa", "Miftah79066543", "Muhdanial090903", "Lufianisa", "BYantavia", "DindaSu04724931", "zenoldgonzalez", "EkaNovi05502032", "Aryans_karo", "Cicakcicakding1", "Ajengmegaje", "zuriska_k", "aaguruh", "reza_fadh", "IrianiWidyastu9", "AnangMa79530622", "YatinPawestri", "nafiisahseff"], "retweet": ["tweetyaaaaant", "acetonitril", "DSXL3", "mahmoedi_ahmad", "dodykurniawan99", "Alva47831808", "bekeraza"]}, {"tweet_id": 1378519603542781952, "username": "dr_koko28", "likes": ["harries_max", "emha_baraja", "HisyamMochtar", "kurniasariutami", "Miraaa29255749", "azis_nudin", "deandry", "budhiomiyage", "ImranLetsoin", "istajib_sh", "AbuNail8", "Rahmawa28965715", "NNdrae", "zeinzainuddin", "jipie99", "bekeraza", "Nesanazeeb1", "AndiAnd39095706", "EgyWijayanti", "Nenglin7", "DindaSu04724931", "Diah2021", "NuryFitri", "akhwatelya", "EMHA45649065", "Soegieharto", "reza_fadh", "yenpaduzie", "EmmaNikmah", "ddymashudi", "gesti_90"], "retweet": ["rahmargha", "Abufakhri18", "mohrizkyamzadr_", "Alva47831808", "Muchsin_Me"]}, {"tweet_id": 1378517435075076096, "username": "dr_koko28", "likes": ["harries_max", "emha_baraja", "cvida07", "deandry", "Diana40923617", "FarukbeJadd", "budhiomiyage", "AbuNail8", "Radenmasbro7", "MTV1763", "FakirMuhibbin", "florieliciouss", "ArieSetyanto2", "Wdddy3", "mieerra2015", "mamedmad", "liaqotrunnada", "SunardiGiman1", "kebunsalakdoyie", "irfan_boement", "EgyWijayanti", "kangluks", "ibnualnumui", "Nenglin7", "laila_harirotu1", "HartonoKetut", "EmakKece1", "muhtar_salam", "NuryFitri", "anaqsaraf", "Soegieharto", "xxbabypeachyy", "radi_nc", "EmmaNikmah", "arinfa09", "Fahmihidayati3", "DamaiKopiku", "B0_Ooo"], "retweet": ["Ingin_Bersuara", "SunardiGiman1", "AlfikriFauzi", "Poeqoeh_", "sj_eunhaeyah", "yadoxhiiterland", "rahmargha", "Abufakhri18", "ManusiaIkanDeni", "Soegieharto", "Returned_Jedi", "SatriaAmbyar", "Fargstn", "nya_banyak", "mohrizkyamzadr_", "Alva47831808", "Muchsin_Me", "bekeraza"]}, {"tweet_id": 1378517061429653506, "username": "dr_koko28", "likes": ["Bagio45996116", "EricksonHerbert", "Ummuhabib10", "awhsar", "85albasrihasan", "megaayuss", "humblebee2020", "Debby78073412", "Nana_RosDianaa", "OrangGa20161296", "syahid154", "yazid_abroor", "AinurrRachmann", "PandirKelana13", "dppimmofficial", "huda_arini", "andandewimurni", "alidutasanjaya1", "dalingsidmun", "Bangdultea84", "cacing_4nil", "Adudu7231", "DeeNa_Nu", "Newmdp1", "ChristianiNaomi", "Ernings54855153", "Anie_Kurniawati", "Tarmizi66524006", "avsychr", "kakbagja", "rioo_andhika2", "ashari_syahid", "Fun23953173", "diahdoank1505", "SuroSuwung", "MiraRatnaS", "aly_said", "darwis_ginting"], "retweet": ["bukanbuzzerRp", "gerilyawan0109", "DeeDjogja", "SEdyCahyono2", "south_arlan", "ambagas_", "Otiztechnology1", "nursyamsi22", "Kelodandi1", "BudiTurmudzi", "Edi95047838", "sarisetiawaty", "10_igun", "sambudi_99", "Fargstn", "Agamayer07", "Winarsih193", "usdianah2", "anan20209", "royal_dudeness", "Gder2Indra", "calistio", "NoorAfran", "SeanAkbar4", "indralengcai", "Khaibar92110952", "susidiansafitri", "BengkalisSutan", "real__queen_", "langitbirubth", "Klvinalvinnata", "1MenujuDamai", "novvi_dewi", "luhung72274343", "ajojuki", "amir_alv", "AlFatih68231928", "ekokusumawijaya", "irwan_nh93"]}, {"tweet_id": 1377971564411461636, "username": "dr_koko28", "likes": ["Koleeekdol", "FYugoPrabowo28", "mawardi_tmge80", "51963a17562c4cc", "bagasnh07", "Alva47831808", "Ferrymnml", "Liza47606108", "asyaregar", "EdySendra", "thesurvivorone", "anagustini", "Munira45920519", "dewiambaratna", "DwiSant40690105", "rossi_sby", "badinda", "andaIrawan12", "triyosusanto21", "FhHusaeni", "Chootabeem1", "Febyval22", "rayadel2", "Bram34733603", "eounniik", "Aryans_karo", "andhy_taz", "Ex23038856", "Dindin_Nutr", "Han98264187", "dafi_th", "yanti_ummuNawaf", "RYanwar_", "Soegieharto", "TerunaSasak", "rifyuds", "MFajriyansyah", "AdjenSagita", "gesti_90"], "retweet": ["penjordroid", "onomsalam2pas", "DaniCicadasBdg", "AcehSelatanSatu", "Alva47831808", "bekeraza"]}, {"tweet_id": 1377886757165821952, "username": "dr_koko28", "likes": ["cbjesi89", "or_replay", "aidamutoharoh", "auliarismal", "Mursiah11", "iqbal_sutan", "margo_siswadi", "m41ll5", "prodigy_doc", "ilhamwidiyanto", "sutanbareno", "MetaPims", "CiciliaReny", "yunitady30", "badinda", "findleilla1", "zazaaaw", "movicgu", "AdhanAznul", "aamkecil", "Rudhnurudh2", "dekharry", "rizalyahoo13", "ngga_yayaya", "FadyaUmmu", "dianbejo1", "trah1967", "laode_k", "FrogIncognito", "GultomNuell", "Aryans_karo", "widyaind", "Aqila97782974", "PlisFor9iFmii", "_RezaYudhistira", "yunitan19", "inardizulfi", "Cakson98970467"], "retweet": ["indra_hadi1", "jejelubis", "iedbudi71", "ayuarltaa", "skinnyonna_", "icundds", "Ingin_Bersuara", "an_dien06", "DaniCicadasBdg", "Eky6alfian", "Fansurycmp2", "bapakayammmm", "daniutami", "Alva47831808", "setyopriyoo", "sukabumiazam", "MetaPims", "giebudiman", "AcehSelatanSatu", "dzy_co", "d2balitour", "ihwan_sn", "__awang__", "bekeraza", "ismarestii", "ibnpraja", "Mutiazzz2", "RickyNSas", "JavaraaEthnic", "Arf_f4d", "Febyval22", "Alie_Fahnoor", "tweetyaaaaant", "tamunegara_", "Banabail"]}, {"tweet_id": 1377840079805181952, "username": "dr_koko28", "likes": ["hasanbashry92", "Siapa02463373", "ZainalA84750288", "TSoewardi", "BudiSan77289952", "AfaabHamdi", "halpurwanto", "agoeng_drg", "minato_raito", "TitiHeryanti4", "FCTCuntukID", "ErienbintiMusa", "immaonlyhuman", "EdySendra", "shnxxxxxxx", "RajaGuguk14", "Almukminun3", "mara_kuswanto", "BannedMs", "dsutanandika", "nftri19_", "EdwarFeggy", "Kiy_Daus", "gaungs091", "orangdibumii", "GultomNuell", "Andike50099345", "AlhamidRejal", "Erlismen1", "adiladya9", "nafashara76", "SutanRajaHsb1", "Dharmas56190807", "Bang_Hilmi84", "MFajriyansyah", "lukmanihsan"], "retweet": ["ZainalA84750288", "AfaabHamdi", "halpurwanto", "iim666", "Wex_58", "Arif_KaChef", "Alva47831808", "FCTCuntukID", "djadasjah", "StrawberryAyHa", "syarifptk", "ocin71", "npindh", "gultom_nada", "imbangimedia", "bekeraza", "wijayaaswan", "DjowoMas", "Almasymsryni", "ibnpraja", "mfauzirizal82", "MefaisalFm", "EdwarFeggy", "Kiy_Daus", "nuraamyra", "SobariSobar1", "Arf_f4d", "BangGodham", "kakbagja", "Sunarti25231614", "IskandarMocht16", "fxxhzrh", "MTorvald", "GazaVanLie7", "MFajriyansyah", "lukmanihsan", "vitta_mangelep"]}, {"tweet_id": 1377058392544436225, "username": "dr_koko28", "likes": ["KamalSazia", "JuliusSt3", "nataachmad", "AmienAnggito", "sy_fina", "sayaawal_", "himasnaila", "MitraDeal", "Biyono18", "riskasari_yulia", "mfahrudins", "Jaladipa1", "Pincalangdewa", "abdulrtah", "DianHardini7", "anas_ward", "esti_ajah", "jasropikalhat", "GAdrifiona", "Crisnanto", "Chermanis1", "AgungHari_W", "ahmadsusena", "Armed1969", "SitiFat66651119", "GunGunG49169853", "Denni_wayka", "ari_sup", "asiiiiiiiikkkkk", "shaqueentha", "feilonk", "ferri_ScHpai", "salehali2019", "WulanApriliya19", "m_nurmansyah07", "H4MZ4H_ALFANS13", "ArifFad05629028", "ZandiHendra"], "retweet": ["tamisakila", "JuliusSt3", "Q1141010", "Carianaditya", "Rahmanbelajar", "Syamsud76579252", "Rainirainn", "firliar", "AlamsyahAnggy", "awhsar", "supendi1988", "AloelAsheen", "laytt0", "ocin71", "Susanto21585883", "inginglowinggg", "EyeyiMahza", "belindch", "kicepkicep", "Saha_namina_", "2ikhtiar", "thelimitles", "wijayaaswan", "DameriatiZ", "Tri12Anggara", "fajargis_a", "ahmadsusena", "_adnsldn_", "Sakharansi13", "Desiana00324533", "didienAZHAR", "bayutriyogabay", "alfidz4", "mugiya_wardhany", "Hidayat84169020", "adzit7", "nailulkarimah", "kopassos"]}, {"tweet_id": 1376879225764900869, "username": "dr_koko28", "likes": ["AntiPanasbung", "MrRyan2020", "MelaAme14943865", "Risma_Nurh", "Alva47831808", "sayyidie", "itsmediah1", "ivant99", "mamadamara_lagi", "Danidina15", "JinxChaawa", "Boestam2", "yusranishak30", "neng_armi", "MikoAdiS", "rayakrisna788", "CountAndi", "mohsobari2", "oryza4_sativa", "entissutisna48", "venum9999", "mieerra2015", "bonie0959", "maldhaddad", "68ais", "Al_ChodCh78", "TehTari67223504", "Rusmini98726563", "fferdinand888", "Alzikri13713217", "dedstea", "Adebayo46547328", "endanghidayat", "DheaSalsabilah3", "rifyuds", "MFajriyansyah", "IndiraSavitriA1", "rossi_sby"], "retweet": ["TopToross", "mamadamara_lagi", "Ingin_Bersuara", "MSyam_ilwa", "bunk_zae", "TehTari67223504", "IenSolihin", "Alva47831808", "bekeraza"]}, {"tweet_id": 1376859906137989121, "username": "dr_koko28", "likes": ["AditPutraH", "Semar50577204", "TajamPena", "DeddyYudhaS2", "riyadie93", "Alva47831808", "FarukbeJadd", "margo_siswadi", "ApayBj", "riskasari_yulia", "ilhamwidiyanto", "qmen1745", "JuwitaRatna17", "riethaita", "ordinary68", "apucaado", "jipie99", "dhs_67", "HeriSuwondo2", "IrmaLestariM", "mieerra2015", "Sasungkaryahoo1", "68ais", "OnceOnc28914824", "fitanugrah", "nadira_fay", "adillawk1", "SayfulalFatih", "SoboGedang", "Aryans_karo", "reza_fadh", "Berbear13", "helmah99", "Laxyyta", "bukanipull", "NurIda9", "yudisupardi29"], "retweet": ["Budi0315", "didienAZHAR", "qmen1745", "Sunarti25231614", "RickyNSas", "dominixus", "mazingrahmat", "bekeraza"]}, {"tweet_id": 1376809900391591936, "username": "dr_koko28", "likes": ["Alva47831808"], "retweet": []}, {"tweet_id": 1376808184749248514, "username": "dr_koko28", "likes": ["Sueno21436", "ihwanidi", "Ziyadu_R", "MakhlukBernafa2", "DidinDibel", "bee_anpurba", "Agushendrawan08", "Ariya_Qdz", "C_Arifin07", "prodigy_doc", "wahyu139", "HIFNI_01", "endang_ramidjo", "shindypermanik", "Rifal1989", "sodwijo", "HabsariJ", "wkwklolye", "asiiiiiiiikkkkk", "Sueno36733", "Agus09220868", "mnadiahla", "PawiroSuto", "IntanLuthfia2", "wahyuni_pratiwi", "nathinafin", "WeningWh", "arystidesss", "lkjhgfdsa_zxcvb", "rickqman", "DonnaEsperansa", "desinovii", "alfiyanms", "callmeeix", "Ahmadta15692474", "CSokheh", "ansoriski", "MbuRayyan"], "retweet": ["KitingBertha", "tipunx", "ayuarltaa", "idenyaedi", "Ziyadu_R", "zahrabonbon", "newlybornsun", "overthinkbelll", "achanyeol_2728", "Ibahhh3", "LunaOctara", "thefallengraces", "iyainiusernamee", "prodigy_doc", "CoriolisSDO", "AtmokoWa", "tehqta", "ioppiss", "SagakanitaY", "yunita9793", "am_hafs", "Fakhrisya_ZS", "nabilahdstyn", "VaksinMu", "fielsaafeels", "rmydh_hd", "sigithakiki", "jejakusam", "Ryan_Nazmi", "wawanarifk", "TheLegitimateP1", "lkjhgfdsa_zxcvb", "kangwindo", "alif_ndolep", "memet_nuki"]}, {"tweet_id": 1376804255760216065, "username": "dr_koko28", "likes": ["ani_wahidah", "TSoewardi", "mphie1041", "Risma_Nurh", "dwitama_k", "ipul_dudut", "riskasari_yulia", "harri808", "cikalinnta", "NukiRahman", "Rahmasangpemal2", "IenSolihin", "kyhilld", "jipie99", "bekeraza", "AbdiGhofur2", "PineksoRoyi1", "Semoet_outbound", "H_Hajar_W", "aryason", "rillamaria_", "Afraaja_Craft", "SriPeni1", "OnceOnc28914824", "Ayoeng18", "RinaNoorW", "ZamroniZamroni5", "dicakrawala", "Aryans_karo", "wahyudi2328", "tbimo03", "Ahmadbinthalib", "EdyAryanto7", "plzbechillax", "Mfth_FS", "helmah99", "Mrfunk31604849", "gesti_90"], "retweet": ["kartikaw", "greenteasbx", "R_Soentana", "mangeki", "PineksoRoyi1", "BengkalisSutan", "AgungLiao", "OrangGa20161296", "bekeraza", "azaliaputri22", "SIR_Pribadi", "LWu1485", "dwitama_k", "itafgaul"]}, {"tweet_id": 1376720390890778628, "username": "dr_koko28", "likes": ["Zillionel", "here_ma", "matylda__b", "akoemala", "AditPutraH", "Maulana__Idris", "sayaawal_", "Kartika99403262", "intanipk2", "riskasari_yulia", "m41ll5", "Mang_Korong", "h_sudibyo", "musyafao", "AryoPutraSatri1", "satya_kusumah", "SatrioTitan1", "Kartika61034655", "ani_kautsar", "bekeraza", "maldhaddad", "karockayea", "reika9267", "MbahBuyutmu", "Ayoeng18", "ibnualnumui", "HartonoKetut", "Alie_Fahnoor", "agoenkcantona07", "Aryans_karo", "andyberlari", "wulan_hidajat", "WahyuDaeng7", "khanarema", "Sunarti25231614", "hgjessica", "gesti_90"], "retweet": ["CumaDokter", "Alva47831808", "MohArifWidarto", "rari_rarin", "AditPutraH", "Pisendo", "BoyJustice1", "faradhil", "dido_myname", "aihaibaraq", "SirSanndy", "ani_kautsar", "bekeraza"]}, {"tweet_id": 1376338698803896323, "username": "dr_koko28", "likes": ["cbjesi89", "solin_madrid", "auliarismal", "DeddyYudhaS2", "riyadie93", "IdaNurh02040151", "Arova28208093", "BadarabZulkifly", "margo_siswadi", "Ferrymnml", "umi_septi", "dhani55_", "JihadRisahanto", "AghnaFath", "luvinurcahya", "EvanFerdyansyah", "hadisulisdado", "dwiajjaaa", "bekeraza", "Munawirsyarjal4", "mieerra2015", "ARidwanP", "Barbarr95788523", "akutehlita", "EkaNovi05502032", "babehbenz", "adillawk1", "yenny_widya", "annisa_faizal", "Aryans_karo", "Yayat_daenk", "akhwatelya", "cutipahmala", "EmmaNikmah", "awa_yan"], "retweet": ["Maulana11423281", "mariagt__", "ItuBaikUonk", "anekefadilaa", "Sasungkaryahoo1", "azzamputra", "birthddaay", "Alva47831808", "JebulMania291", "bekeraza"]}, {"tweet_id": 1375757873628676098, "username": "dr_koko28", "likes": ["deasi912", "endibiaro", "s_azkiya", "Haidarmohalisi", "agung7cantona", "black13side", "mamasykan", "BabTawakal2777", "mamuluriohc", "NNdrae", "MasMoed_901", "Dian14637037", "mieerra2015", "HarjoAri", "findleilla1", "wimbuhsrimurni_", "R_Soentana", "AttySugiarti", "yogayulian", "Krnff1", "Al_ChodCh78", "Suganda92329283", "BlokirBoris", "Char34306", "purwoandhika", "bunda3herdi", "LaodeEko123456", "Aryans_karo", "CaptainBlue24", "Abay_tan80", "AnisHudaya", "HashimThaci1", "IrianiWidyastu9", "FerryFe16945818", "MonaPurnomo", "AlkhansaYuli"], "retweet": ["idhaltc", "AditPutraH", "DaniCicadasBdg", "Alva47831808", "J_Mustofa", "firdauszulfika_", "kicepkicep", "ArfanRazif", "diandjaelani", "R_Soentana", "bonie0959", "cbudiman42", "ginaa_lestari", "Mamahidah3", "AhmadRosidi1982", "yushi_mrs", "AnisHudaya", "IrianiWidyastu9", "Laxyyta", "johantanto"]}, {"tweet_id": 1375639420951437316, "username": "dr_koko28", "likes": [], "retweet": []}, {"tweet_id": 1375623488413736961, "username": "dr_koko28", "likes": ["soesantihartono", "FebbyEybisidi", "Brewokbadder", "MettaMachi", "HamkaMuh", "sayaawal_", "AgustinusBPU", "saudihermawan", "margo_siswadi", "Firirfan1", "jamal_bawean", "Usmayati6", "intanipk2", "michaelfromage1", "Anov17761632", "riethaita", "CantikaWidi2", "Andri_AbuZaki", "syofia1511", "Kika07070360", "triyosusanto21", "pu3_iss", "amel_destianaa", "ajrmia_05", "f_rriza", "mluthfi198", "Herytono_Shi", "Cavill08", "marcelinusmario", "Afanti18", "ririnhk", "Ad27444673", "evolusi_1", "fitri12ani_", "lienmelia1", "fridayusuf12", "aipsomantri", "yogaaldip", "iraiswari2510"], "retweet": ["x_Zekr0m", "Siwiliwili1", "dearieblossom", "Titinpungky", "windysgreat", "Syamsud76579252", "Alva47831808", "INDONESIAinLOVE", "MaisyahMS", "AcepCevot", "wardhani_ku", "Dien_Drew1", "CantikaWidi2", "achinagra", "ihwan_sn", "ahmad_amien756", "bekeraza", "manisgulajw", "Maulana11423281", "rina_yuliastuti", "triyosusanto21", "AdethBrRegar", "miracleNdreams", "rillamaria_", "amel_destianaa", "nuraamyra", "vvrangu", "Sastidevi2", "fadhlierlanda", "cbudiman42", "lannanannana", "PrasieOet", "dhikadka", "krisna_aris", "SahraAhli", "fridayusuf12", "vitta_mangelep"]}, {"tweet_id": 1375375161466048517, "username": "dr_koko28", "likes": ["cbjesi89", "IwanRoisRidwan", "dwi_anara", "hepy_ns", "DaniCicadasBdg", "indria_nuri", "Widiast32861669", "andasaripurwan2", "AndikKhoiri99", "himasnaila", "margo_siswadi", "Nadraaa11", "nurulfathiyya13", "Jaladipa1", "EniRositaa", "Anov17761632", "EvanFerdyansyah", "KPerkosa", "hadisulisdado", "Suarjo18", "AntonJanas", "bekeraza", "KimEmber2", "iinrahmansari", "RArrumie", "arfiani1810", "RifaiAkhmad11", "tuakampung2", "marzuqi_mar", "Sarbini01489897", "RatuAnissah2", "DBakkareng", "Aryans_karo", "musaKSQ", "IrianiWidyastu9", "nindyaShafura", "capungkuning1", "gesti_90"], "retweet": ["RatuAnissah2", "bekeraza"]}, {"tweet_id": 1375289397311012864, "username": "dr_koko28", "likes": ["huda183", "hepy_ns", "te_nago", "rnarizki", "Alfaiz21", "Widiast32861669", "agung7cantona", "black13side", "margo_siswadi", "rakhawachyu", "chamdiah77", "sucinafs", "NMoekijat", "Dadang_suhe_", "AntonJanas", "DwiSant40690105", "lelasari567", "bekeraza", "HeriSuwondo2", "Satria67397632", "yunusbara71", "panjulistana", "name_single", "YusniaAssundawy", "Ayoeng18", "RinaNoorW", "abizdzar", "YaneFonda", "Yasmine_1912", "sanytasari", "Aryans_karo", "tbimo03", "Nunung12926876", "diahdoank1505", "SandiChairunnas", "MiraRatnaS", "vitta_mangelep", "gesti_90"], "retweet": ["Narendr54470000", "rillamaria_", "bekeraza", "nanasputeri"]}, {"tweet_id": 1375245072862572546, "username": "dr_koko28", "likes": ["Andy56189515"], "retweet": ["azissubekti", "luviku"]}, {"tweet_id": 1375213513241620482, "username": "dr_koko28", "likes": ["Adriyanto75M", "megacn_", "MelaAme14943865", "auliarismal", "indria_nuri", "NicolasBakhtiar", "Asjtn", "GibranMedia", "FarukbeJadd", "margo_siswadi", "redhodoank", "Ipul20Ipul", "bundatutik83", "OrangGa20161296", "ArieSetyanto2", "DrLatief1", "mieerra2015", "kjihgfedcb", "bambangsasangka", "wennykurniaw", "SapsurReg", "Suganda92329283", "name_single", "Ayoeng18", "RAugusta8", "AndrianieLisa2", "Kimi58486332", "SitiNur00429223", "adillawk1", "xdnan7", "Aryans_karo", "Palle_Fallow", "RadenKianSayang", "AdjenSagita", "gesti_90"], "retweet": ["indra_hadi1", "SapsurReg", "bundatutik83", "DaniCicadasBdg", "Quvvatt", "Alva47831808", "firdauszulfika_", "DrLatief1", "bekeraza"]}, {"tweet_id": 1374948985052360712, "username": "dr_koko28", "likes": ["bekeraza"], "retweet": []}, {"tweet_id": 1374900333957181440, "username": "dr_koko28", "likes": ["AgungLiao", "auliarismal", "EvaSalma8", "Henkbee2", "himasnaila", "chanel_pas", "BudiTurmudzi", "syarifptk", "ma_elmando", "EvanFerdyansyah", "erwinr80", "NukiRahman", "ABINUY", "11brantakan", "andinugroho78", "Chootabeem1", "gunawans77", "JOKOAS", "imazesemka", "Wahyu55033896", "kebunsalakdoyie", "bayhaqiumar1974", "Ayoeng18", "FadyaUmmu", "farhaanmaulanaa", "arok_mt", "Khans89690395", "Aryans_karo", "HastutiHakim", "Ex23038856", "BundaZahwa74", "yudibackem", "InugamiKai", "Ekki77337827", "GantariSenja", "Jamal06806913", "MiraRatnaS", "gesti_90"], "retweet": ["AditPutraH", "agoeng_drg", "AgungLiao", "yusri_albima", "hdsambodo", "hendryx691", "tarudin215", "IyusDarusiam", "Alva47831808", "BudiTurmudzi", "syarifptk", "penjordroid", "zahidashl", "liranti", "kautsardiaz", "firdauszulfika_", "kicepkicep", "AzisDevy", "Chootabeem1", "AlfikriFauzi", "JOKOAS", "ida_ahfadz", "jelata02", "ali_nurlah", "EdwarFeggy", "GunGunG49169853", "Cr07fans1", "attarkun", "galicuk", "deaboy1", "DontcryindoKid", "LailyShey"]}, {"tweet_id": 1374867853468266496, "username": "dr_koko28", "likes": ["MuhsenIrsal", "yasrinalefendi", "Risma_Nurh", "MahaD3w4", "himasnaila", "FarukbeJadd", "Fitrisoejoto72", "MayMoon77", "nendensarifah81", "yarham02", "AryoPutraSatri1", "Ronakurniawan", "MJtuhMasJoko", "IenSolihin", "SarohNok", "Satria67397632", "ida_ahfadz", "SriPeni1", "Ayoeng18", "linamadjidtaba", "IndraMursyd", "HartonoKetut", "elmarzuqi", "WiedYuli", "Aryans_karo", "yoen_amalia", "ferri_ScHpai", "simsonwb", "salehali2019", "ahmadkholis46", "tienkustinii", "MiraRatnaS", "ElyaNor30039658", "untukmuakuada", "yudisupardi29", "gesti_90"], "retweet": ["dr_didik", "PradityaBeni", "ida_ahfadz", "deaboy1", "dodoljangkrik", "IndraMursyd", "Kimi58486332", "DontcryindoKid", "Alva47831808", "firdauszulfika_", "bekeraza"]}, {"tweet_id": 1374550425349677056, "username": "dr_koko28", "likes": ["matylda__b", "cintaicinta2", "rnarizki", "UlistYouList", "yadipahlawi", "gesti_90", "Liza47606108", "Nadraaa11", "UnSur22", "lusianajoewono", "gunstch", "Bangdani", "Tsuukiii_", "twins_ambar", "hadisulisdado", "machrus_azam", "bekeraza", "ditamanoppo_am", "findleilla1", "triyosusanto21", "Sari31195457", "Afraaja_Craft", "ceritaentik", "AbangZae92", "HartonoKetut", "amru_rohman", "WiedYuli", "arok_mt", "annisa_faizal", "Desiana00324533", "Aryans_karo", "dwikidss8", "salehali2019", "FarisLangkat", "sabdin_alsaduh", "NurlelySiregar"], "retweet": ["hayyeren", "huda183", "yuelan13", "gunstch", "s_kiv13", "neng_armi", "irni363", "hariyadiagung18", "IrianiWidyastu9", "aysqyvol", "bekeraza", "Alva47831808", "amru_rohman"]}, {"tweet_id": 1373995117166567434, "username": "dr_koko28", "likes": ["harries_max", "soesantihartono", "cbjesi89", "LemanSule10", "eddievanpan", "an_dien06", "MelaAme14943865", "cia_abdul", "Saustiram181", "tomoetiti", "agoeng_drg", "mila_guntur", "Risma_Nurh", "sri_hendartidju", "arinbinga", "SIR_Pribadi", "idrusanggawi", "FaisalAchm4d", "muhammadleo68", "risdiarto", "Nakula18637600", "moratmarit14", "ummumujahidin80", "BoyTheleb", "mieerra2015", "AlfarouqYusuf", "doso_werdiadi", "Jgo76102109", "tuakampung2", "OnceOnc28914824", "MWefisidole", "DaengSuara", "yanihartono", "Calathea1234", "War16Dharma", "annyeongase0", "triasptnaa", "Dutajomblo3", "gesti_90"], "retweet": ["ojiwae", "cia_abdul", "LianAuguzt", "DaniCicadasBdg", "Alva47831808", "Joko2boy", "BudiTurmudzi", "sukabumiazam", "bunk_zae", "DrLatief1", "bekeraza", "redhahari", "nuraamyra", "muhamaddaudabd3", "Ameeranti", "mugiya_wardhany", "Syaifud30457221", "RuslanGasang", "LailyShey"]}, {"tweet_id": 1373809483256795142, "username": "dr_koko28", "likes": ["matylda__b", "TSoewardi", "an_dien06", "Mareeya97516940", "mphie1041", "yangfeb21", "Wak_Jhiwa", "tabssumikaytu82", "umi_septi", "putrabaligmail1", "yan_prihatmoko", "pengukirhina", "risdiarto", "EvanFerdyansyah", "EniRositaa", "Nanazta1", "NukiRahman", "Winarsih193", "NitaFetia", "BingkaruangH", "11brantakan", "hlvrev", "ratnasukaesih", "mieerra2015", "GemJoni", "eddy_888", "sasetkopi_", "yanihartono", "GielzIdea", "Aryans_karo", "dekik_setiawan", "MuksoriA", "Chan11Vero", "e_ade_f42", "YudhiChania", "AprionoAka", "Ayerlangga", "vitta_mangelep", "gesti_90"], "retweet": ["yani_sri862929", "Yayangaja7", "AsepRahmatSaep2", "Q1141010", "marSyaheedAS", "DaniCicadasBdg", "lovebananachoco", "Wak_Jhiwa", "deandry", "HafitSetyabudi", "Alva47831808", "bob_rahmat", "mayasaurusss", "BudiTurmudzi", "ridhorahadi", "beautydyah", "Winarsih193", "kumbanggmrckela", "kicepkicep", "bekeraza", "Narendr54470000", "nuraamyra", "WiedYuli", "AgeungCeu", "donosrom", "EllynHrp"]}, {"tweet_id": 1373665225749131265, "username": "dr_koko28", "likes": ["Rahmat85221739", "Yayangaja7", "Brewokbadder", "maRachmaa_", "rezaspn", "Muhamma62852414", "mohfathurahman", "FYugoPrabowo28", "akdintanjung", "yayapng_", "himasnaila", "FarukbeJadd", "Ipul20Ipul", "auk_ahgelapp", "widhindra19", "fautyahmad", "EniRositaa", "BangunSutan", "Ra_Ria_Rana", "widiirhy1", "Raflifernanda20", "bekeraza", "mieerra2015", "Fiees", "stratevmata08", "SangBray4", "adillawk1", "robiharyadi86", "FattiReyz", "Aryans_karo", "Trikus2012", "Juli_Suryawan", "EmmaNikmah", "faiizatus", "KuldesakSunyi", "gesti_90"], "retweet": ["Izzillna", "Alva47831808", "gumelarpm", "bekeraza"]}, {"tweet_id": 1373284385017892864, "username": "dr_koko28", "likes": ["luckykhoir", "worldofkhodijah", "TSoewardi", "cute_wardah", "Mulyati66171166", "margo_siswadi", "AkuTakumi", "HerqutantoRita", "Ariin251", "intanipk2", "SeeSee_Me", "riskasari_yulia", "fautyahmad", "AghnaFath", "muhammadleo68", "bundatutik83", "lelasuzana", "EniRositaa", "Tsuukiii_", "sdewih", "DZahra04", "DianaRos25", "Arie_Prims", "Ayoeng18", "FyudaYezi", "EkaNovi05502032", "efendi_mrs", "Alen82862277", "Aryans_karo", "dhieniasbehel", "radi_nc", "furqonsubhan", "Alhamdulillahm7", "awa_yan", "Gotun05", "vitta_mangelep", "gesti_90"], "retweet": ["RaniMar52732363", "jibotwo", "yunitanoer", "Fansurycmp2", "lovebananachoco", "nnisarhmw", "Alva47831808", "Gabutsihhh", "BudiTurmudzi", "botjahalit", "opacarophille_", "Camelaila1", "ordinary68", "apucaado", "Raflifernanda20", "CantikaWidi2", "Ikhsanliterally", "kabigon89", "bekeraza", "CakRedi", "faraharsono", "rillamaria_", "nuraamyra", "Arf_f4d", "darayaaaaa", "dhieniasbehel", "anto_anarki", "vinstnm", "luhung72274343", "GiantRaya", "vivictory", "Gerezoebir", "wannabeHCW", "nikendianita", "azierdam", "Sabilillah_Pua", "vitta_mangelep"]}, {"tweet_id": 1373224775959519233, "username": "dr_koko28", "likes": ["riskasari_yulia", "Buhbyebooooooo"], "retweet": []}, {"tweet_id": 1371852417982152706, "username": "dr_koko28", "likes": ["telorrebusanget", "te_nago", "tomoetiti", "arahaksara", "vieph", "EvaSalma8", "TitiHeryanti4", "junekamelia", "dprima37", "yulied", "pengukirhina", "sumadiseloguno", "EniRositaa", "koerz04", "Nanik31196035", "NkoeSaja", "bekeraza", "andreasicamaru", "YusniaAssundawy", "andriyani010", "Nadori68291026", "riefcore", "EkaNovi05502032", "RetnoWu37755530", "Aryans_karo", "bhotel85", "HaniAnya", "RCWryo", "salehali2019", "simsonwb", "FadhKeanu", "Amir33389259", "Alhamdulillahm7", "drh_R_Piliang", "IntanNu27007075", "gesti_90"], "retweet": ["emihsan99", "rndaniah", "Ingin_Bersuara", "Abdiezidane10", "AhmadBaron11", "donosrom", "mohbunyan", "erteyoyo", "galicuk", "deaboy1", "min_wahab", "faradhil", "anyageraldyn", "DontcryindoKid", "Syamsud76579252", "bekeraza", "maydivaca"]}, {"tweet_id": 1371768779110182912, "username": "dr_koko28", "likes": ["cbjesi89", "akoemala", "FYugoPrabowo28", "rnarizki", "ButterCupdanie1", "himasnaila", "ratu12noer", "FarukbeJadd", "jamal_bawean", "intanipk2", "SriRaha53124534", "idithea", "EniRositaa", "mastuyi", "KenLestari_", "bekeraza", "ichaaren", "wennykurniaw", "mfauzirizal82", "AndiAnd39095706", "sukiono", "astriferdiana", "nadira_fay", "hendrihasibua10", "EniWarsiah", "Aryans_karo", "SDiahsastro", "beesunflowers", "Sunarti25231614", "Agust_ara", "tbimo03", "zuriska_k", "giriandriyanto", "darkcruise", "Dharmas56190807", "EmmaNikmah", "Tobias744"], "retweet": ["btc_idn", "ButterCupdanie1", "Alva47831808", "ratu12noer", "bekeraza"]}, {"tweet_id": 1371463959153238018, "username": "dr_koko28", "likes": ["BabelBelvis", "Hareey_aja", "dedikurniawans5", "rnarizki", "79Gans", "MahaD3w4", "himasnaila", "KelipDr", "FarukbeJadd", "lapak_preneur", "intanipk2", "widhindra19", "8Turunan", "M47272329", "RnYf2011", "linden_lien", "EniRositaa", "karpetkotor18", "s29budiarto", "bekeraza", "adhiMID", "moelpriey", "CPrashinta", "miaona", "Ayoeng18", "alfiakh__", "nuraamyra", "nya_banyak", "AhmadS_NU", "EkaNovi05502032", "WiedYuli", "dwikidss8", "wiesampay", "fazah97", "Aquarius_girl03", "EmmaNikmah", "SevenSeas87", "Cici19285444"], "retweet": ["uton1892", "darayaaaaa", "M47272329", "cbudiman42", "DaniCicadasBdg", "nuraamyra", "windryramadhina", "tiwultiwul", "RA_kikyyy", "Alva47831808", "bekeraza"]}, {"tweet_id": 1371432554964815876, "username": "dr_koko28", "likes": ["dwijaap", "tatitkewl", "ShopBargain", "novianafari", "pleaseeup", "rosediani990", "parjoooks", "MSetyanining", "Revi_Mangkulla", "ratnanp_", "lohjeni", "mhmmadalghanis", "bbeelaa", "emanuelroland96", "JoeWisa", "ordinary68", "AltuntangH", "anggaPry", "qonitayunita", "lizanore", "vhinn", "bakoelcambah", "dearyunita", "RhendyW", "asfarul18", "bibinbarus", "Satria67397632", "ermawatirini", "Liaanandagimai1", "tiyokps", "wildauwie", "EkaNovi05502032", "ZD_ban", "iythaiytha", "thobibahjamilah", "soniahere__", "Husnul_78", "ryyymer"], "retweet": ["vayakikin", "Ingin_Bersuara", "rizkiatyas", "dianra_12", "Alva47831808", "rama3012_", "redhodoank", "arcandleJ", "sigekok", "lohjeni", "beautydyah", "miley881", "lilyduatiga", "sonnysetia", "bekeraza", "asfarul18", "pedskiibax", "takatoorufan", "cesaarmo", "rillamaria_", "mutiaradewwi", "risnandar_enda", "fitri_ast", "cbudiman42", "trsnismaputry", "Sekedartanya12", "NNurullia", "AA_bachtiar", "rickyadiguna13", "DontcryindoKid", "riicnees", "memegosip"]}, {"tweet_id": 1370978887157440513, "username": "dr_koko28", "likes": ["EmaArby", "irvansyah14373", "nurachman98", "an_dien06", "MayaSebeng", "Ucingndut", "farabmri", "UlistYouList", "RaHidMatOdang", "nayajangis661", "arinbinga", "FarukbeJadd", "Boblid1", "Maryama05825650", "satyawira511", "NiniNainiNur", "Jaladipa1", "IndahJohania", "EniRositaa", "hadisulisdado", "arizalmania", "IdaSosia", "ZulmyAguz", "MunandarYudhi", "syam_hanan", "Ruslinkan", "Firmanpaytren3", "siti_zuchaina", "WA_ynym", "sarwotri121", "DeviantiResty", "JRindayant", "JuniPutra2159", "Aryans_karo", "salehali2019", "rahadian_ian84", "indah_iriawati", "baliwidura", "Hutama99124895", "gesti_90"], "retweet": ["AditPutraH", "Fansurycmp2", "faradhil", "Alva47831808", "syarifptk", "Salsa_2111", "ordinary68", "Lelirahman2", "kicepkicep", "wiezz2", "Maulana11423281", "PradityaBeni", "Firmanpaytren3", "Syaifuddinnor7", "nuraamyra", "irwan_afni", "Poeqoeh_", "am_chandra28", "pitutururip", "824_404"]}, {"tweet_id": 1370624157168193537, "username": "dr_koko28", "likes": ["imaqw02", "lina_linadjedje", "halpurwanto", "IwanRid98381791", "Boblid1", "linaparlina2002", "Rahmattambuna11", "ana_n1ngrum", "EniRositaa", "Nanik31196035", "Lelirahman2", "bokonggemol", "RagilHr", "badinda", "bekeraza", "Nesanazeeb1", "maupunyacrush", "kangbra1912", "a_azhar02", "wennykurniaw", "sulistyo_erna", "doso_werdiadi", "hikaritome", "ida_ahfadz", "Barbarr95788523", "Ayoeng18", "AnnaBs921", "himura89517038", "Ex23038856", "isghina", "simsonwb", "Han98264187", "Lucynaf_", "Merahme20880412", "lithaNov", "NurIda9", "vitta_mangelep", "gesti_90"], "retweet": ["halpurwanto", "rillamaria_", "IrianiWidyastu9", "Alva47831808", "himura89517038"]}, {"tweet_id": 1370024241853202435, "username": "dr_koko28", "likes": ["echaasmawi", "dekpusetya", "MelaAme14943865", "DaniCicadasBdg", "demrierie", "RinaldyFeard", "BumiBibit2", "black13side", "trisetiaasih2", "Nurul81121800", "widhindra19", "EniRositaa", "Rini_Akmal", "bekeraza", "bidanfetty", "bambangsasangka", "itafgaul", "imazesemka", "badjus94", "Suganda92329283", "arfiani1810", "nftri19_", "ceritaentik", "MWefisidole", "Alie_Fahnoor", "annisa_faizal", "Aryans_karo", "SDiahsastro", "Exdiot", "ocelannaaa_", "bonnie_bani", "fazah97", "bagusta5", "odeylogi", "sabdin_alsaduh", "1604_aro", "PujiAyuuu2"], "retweet": ["DaniCicadasBdg", "Alva47831808", "itsmaelani", "MohArifWidarto", "eriyantonugroho", "erteyoyo", "Camelaila1", "JebulMania291", "najwa2_nashwan1", "bekeraza", "adjiajb", "nuraamyra", "Arf_f4d", "Nurulkjo1", "Exdiot", "samienz", "DontcryindoKid", "azkhabusyro", "itafgaul"]}, {"tweet_id": 1369292319757901827, "username": "dr_koko28", "likes": ["dedearisanti1", "cbjesi89", "buya_wafi", "Semar50577204", "Akujodohjimin_", "AdindaRoses", "akdintanjung", "ko_chenk1", "NovrikoSulistio", "Syafaruddinzein", "SIR_Pribadi", "Boblid1", "Fitrisoejoto72", "lapak_preneur", "riskasari_yulia", "Fadlipenyair", "EniRositaa", "KPerkosa", "scalpeltomorrow", "muhammadjujur1", "RazakSabriah", "bekeraza", "mieerra2015", "Anon_y8", "triyosusanto21", "miaona", "Ayoeng18", "FadyaUmmu", "iamjuwijichu", "EniWarsiah", "RakjatDjelataaa", "KangKos2", "latifnurrohmah", "MiraRatnaS", "sabdin_alsaduh", "NurIda9"], "retweet": ["Alva47831808", "KangKos2", "bekeraza"]}, {"tweet_id": 1369153393655046146, "username": "dr_koko28", "likes": ["dedearisanti1", "albiblack", "imamnaw18402335", "rkhusniati", "D_Ariastuti", "fal_ya88", "akoemala", "jaloxbaitu", "budibtg", "GregoryWisang", "ko_chenk1", "salahkiriapa", "fahriaand", "Boblid1", "Maysaro24830477", "MuhtadiAM", "eryan_deyan", "dhe_ko69", "EniRositaa", "newsuntheodie", "ilinwilyan", "aylan_mak", "WongAgu75207746", "suripnorasum", "rajulan_mnoor", "HonestTaurean", "BudiBugar", "lucky_doel", "isnaeni_dr", "sapnahar", "alank22", "Ayoeng18", "riyuni7891", "ZikstBandaro", "hamzahnoorirfan", "lenihadi", "hetyhety", "Gotun05"], "retweet": ["Gojekmilitan", "Natrissh", "non_Dindun", "fal_ya88", "robylim", "Susantofelix1", "NRhien", "mue_dha", "becak125cc", "FahmiYusup10", "CYaqin", "astytoo", "zahidashl", "rhythm4lyfe", "Ysr70_", "hariprasodjo", "mustcho_55555", "senjadk_", "dzy_co", "sdewih", "bekeraza", "Semoet_outbound", "TamaniChan", "JoenLeiza", "JollyCCC", "triyosusanto21", "UliAbdulhadi", "fadli83809632", "AmaZanea00", "andriyani010", "mrs_titta", "way_widi", "ikutPilpres", "mrjuoss", "Oceph23122010", "IrianiWidyastu9", "rianjani3g", "Gotun05", "FradityaB"]}, {"tweet_id": 1368867926309224448, "username": "dr_koko28", "likes": ["ajengniila", "cbjesi89", "t4m3nx", "Maghds", "Mulyadi00314019", "watashifary", "Yenie81913483", "ko_chenk1", "fajarsatrio", "TitiHeryanti4", "FazaLababan22", "WebeJr", "mastomtom", "andris3nanda", "Mentari1982", "nalarindependen", "Mauuulana", "AjizahAs", "bennprb", "ayamaria664", "tinianasya", "KimEmber2", "Arkaana03", "mieerra2015", "ratnabee1", "lelasukmagmail1", "Senyummu_Manis", "ROSDIAN63065452", "SITARNO3", "sean_husen", "YonoHar37610459", "ekobhakti70", "adillawk1", "MuftiAkbarr", "Aryans_karo", "govin__07", "Andy56189515", "Nadiaalfaini1", "Suyono8312", "NurunnisaUmaira"], "retweet": ["AryTGunadi", "evereeze", "iman_bkti", "fauziahkh_", "kardusnumpuk", "AditPutraH", "bhem5", "arankaru", "dewa_juani", "prialimilogy", "reo_tri", "Langit_Lintang7", "RaHidMatOdang", "luvinurcahya", "MohArifWidarto", "Mauuulana", "NanaSuryacandra", "Dhesii_Liyani", "SobakhulK", "tinianasya", "Dh4n1eLee", "Arkaana03", "wijayaaswan", "AriKasio2", "RalizaPiliang", "onlylilmind", "mazajahe", "sean_husen", "Missmagichand", "Niawahdania667", "Chan11Vero", "abdimurabi", "TsTsp71", "Nurul_Kawaiii", "ipank2345", "ino_mufc", "Merahme20880412"]}, {"tweet_id": 1368721356750086146, "username": "dr_koko28", "likes": ["harries_max", "soesantihartono", "dedearisanti1", "84H412", "HyeYanti", "ko_chenk1", "NelldeeShop", "GunYusril", "muhammadleo68", "EniRositaa", "Ronakurniawan", "Flash_Ard", "Camelaila1", "kurniawirya1", "RagilHr", "KimEmber2", "mieerra2015", "RafianiR", "YuliartoF", "genta_romantika", "gentosugito", "bismillahfkusu", "bayhaqiumar1974", "andriyani010", "FadyaUmmu", "UtomoUmay", "ardana333", "Syahrul_h1dayat", "WingDirgantara", "Aryans_karo", "CaptainBlue24", "afrizalrfianto", "rang_simabua", "jalan_pedang", "bin_sata", "FahrozyLuthfi", "helmah99", "Amir33389259", "dasrulbahryyy"], "retweet": ["Ingin_Bersuara", "HyeYanti", "OlinaIkhsan", "Fansurycmp2", "Asyaifullah_INA", "gmrzki", "AnnisaK03107740", "syarifptk", "Kaburan7", "PutraWadapi", "GreenSoundpro", "satya_kusumah", "utamaprasetya", "Flash_Ard", "beautydyah", "Camelaila1", "ordinary68", "Elmirakid", "bekeraza", "ansaf64", "kokorobet03", "IT19S20", "BaraTerpendam", "onomsalam2pas", "OpiniRakyat3", "ArieAvor", "fee_lyy14", "sonsih56", "ardana333", "Quubill11", "jalan_pedang", "AnisHudaya", "cepi_hilmi", "DontcryindoKid", "FE12LY", "Comrhang_Romeh"]}, {"tweet_id": 1368686434056466433, "username": "dr_koko28", "likes": ["dedearisanti1", "kurniasariutami", "yanti_ngurawan", "an_dien06", "mohfathurahman", "AndrianiPutria1", "irni363", "ko_chenk1", "IdaNurh02040151", "yayapng_", "are_you_deal", "atikahyanti", "ElfizaEnny", "parmut", "AnnisaK03107740", "RiaFitr82109094", "ribudian1", "EniRositaa", "Camelaila1", "sersanqomar", "Bubud92359836", "ordinary68", "RagilHr", "ResDha", "Christ_Aysay", "bekeraza", "LUTHFANZGM_", "wongw4r4s", "yubabagi", "dyana1001", "Aryans_karo", "Mufidaak26", "nesssanicuy", "MayaAnggriani13", "yudiha04", "FahrozyLuthfi", "endanghidayat", "happyheebum", "dasrulbahryyy", "IntanNu27007075"], "retweet": ["Ingin_Bersuara", "ekurnia82", "Mbahici", "haninhilbram", "Susantofelix1", "Siwiliwili1", "DaniCicadasBdg", "zeckohaq", "birthddaay", "hutakiw", "dutadonor212", "AnnisaK03107740", "syarifptk", "PutraWadapi", "hariprasodjo", "L4dytyp0__", "okcorrie", "Camelaila1", "ordinary68", "LUTHFANZGM_", "bekeraza", "2ikhtiar", "JOKOAS", "OpiniRakyat3", "najib_shori", "rillamaria_", "mohbunyan", "sonsih56", "v3isvthree", "aihaibaraq", "koalahug9193", "Sunarti25231614", "endanghidayat", "cepi_hilmi", "IrianiWidyastu9", "DonyKurnia1", "vitta_mangelep"]}, {"tweet_id": 1368413982336323588, "username": "dr_koko28", "likes": ["ArdyantiAna", "Christyeantee", "remahancreepes", "sagwijane", "biordioprawiroh", "xzhanist", "ko_chenk1", "janmesinuraya", "B_hundredb_Hyun", "kinchanado", "coolangwel", "EniRositaa", "MasJaw976", "febbyramadani", "babypharsa", "floreculadre", "cheonchan", "ssssssrgrace49", "ummychasan", "tutinilasari", "karinnapp", "ErranMoradKW", "lausaditya", "literallysays", "AgastyaHaikal", "Aryans_karo", "ichaxloey", "kurusuntukmakan", "karneliyaa", "mtzckry", "din0saaurs", "tri3shinee", "laurensia_nadya", "bimo_andikaa"], "retweet": ["ArdyantiAna", "andinosauruss", "jibesoanpyonhae", "janmesinuraya", "___indahfs", "jemurangakering", "feliatriesya", "AFarasoraya", "nisriinanf", "nellsyasungkal", "teguhpur", "Hellociiy", "bbrightside_", "ManggarR", "febbyramadani", "KevinNaufaldi_", "Anggiiee1122", "naufalnianwar", "ssssssrgrace49", "ummychasan", "alchikaprima", "varifalvalah", "conynatalie", "CAdhiPrabowo", "kurusuntukmakan", "katanyamichelle", "lesayutdri", "hery0879"]}, {"tweet_id": 1368303962718232576, "username": "dr_koko28", "likes": ["dedearisanti1", "suryadi_madyo", "te_nago", "AdindaRoses", "ko_chenk1", "zainularifin__", "TitiHeryanti4", "FarukbeJadd", "margo_siswadi", "NMoekijat", "LianSeribu", "mastuyi", "HZifana", "bekeraza", "aracellians", "pakeraihan", "zikrialihakim", "Dadu24439009", "bete_dimas", "FadyaUmmu", "MWefisidole", "alfinurtia22", "uusdaudyusuf", "ahmadhanafiss", "Nisa05182732", "Haeesa1", "WiedYuli", "Aryans_karo", "Adnan_Ekas", "simsonwb", "AlFatih68231928", "DontcryindoKid", "anjasmara_ferry", "sabdin_alsaduh", "gesti_90"], "retweet": ["Ingin_Bersuara", "Istikom66032621", "skinnyonna_", "AditPutraH", "an_dien06", "MahaD3w4", "jelantahunters", "nonie311078", "GreenSoundpro", "beautydyah", "HZifana", "MAMADIA08722875", "bekeraza", "chorzleth", "IAbbyss", "cbudiman42", "Sunarti25231614", "AlFatih68231928", "DontcryindoKid"]}, {"tweet_id": 1368188774908190720, "username": "dr_koko28", "likes": ["dedearisanti1", "Semar50577204", "Koleeekdol", "kang_professor", "ko_chenk1", "FarukbeJadd", "azzam_sazzam", "Kaizan191215", "NilaAmaliaSari_", "syarifptk", "Pejuang94347681", "Hanjar90781403", "AnshariHadi72", "MJtuhMasJoko", "belau_antu", "Barat0607", "bekeraza", "mieerra2015", "chorzleth", "roseisrosa14", "OnceOnc28914824", "a_erdhe", "OneMoment54", "Elchapo86100796", "defythelow", "Miajuani3", "Desiana00324533", "Aryans_karo", "_RezaYudhistira", "ririnhk", "adyanisarahmaY", "SultanAliNatadi", "abah_kican", "_justazza_", "SintaOk65775745", "gesti_90"], "retweet": []}, {"tweet_id": 1367991711067086855, "username": "dr_koko28", "likes": ["dedearisanti1", "MelaAme14943865", "KBroendoel", "AtiSitiNurhaya2", "ko_chenk1", "yayapng_", "gesti_90", "FarukbeJadd", "margo_siswadi", "pengrajin_emas", "NilaAmaliaSari_", "DwiNitaAgustin1", "algiebaaaa", "IkhsaniaTitin", "yul5k", "Nanazta1", "Tsuukiii_", "Nurwiyati8", "_starjump", "kokomfadillah", "serendip1ty___", "bekeraza", "Satria67397632", "Fangurlingbabes", "sulistyo_erna", "Ayoeng18", "robiharyadi86", "irenkraw", "annisa_faizal", "Aryans_karo", "dwikidss8", "akhwatelya", "premandidieu", "EmmaNikmah", "IrianiWidyastu9", "JosuaNapitupul6", "reyurbae", "AlkhansaYuli", "itafgaul"], "retweet": ["Alva47831808", "liranti", "MRachmat_", "DaniCicadasBdg", "had1_purnomo", "BotakGondron6", "mutiaradewwi", "IrianiWidyastu9", "dzy_co", "Rainirainn", "serendip1ty___", "bekeraza", "itafgaul"]}, {"tweet_id": 1367940508501217281, "username": "dr_koko28", "likes": ["dedearisanti1", "Q1141010", "enola3105", "Salwa74001902", "AKPutr4", "ovaerrot", "EmilyaMuslimah", "Nunungkurniaw11", "yayapng_", "gunawanahmad95", "NdoeL_2011", "Sugali09708982", "Mirzalfiantoni", "ra_effendy", "KerajaanBersatu", "9fr4nd", "kicepkicep", "puterilovenza", "chorzleth", "HarjoAri", "Semprul67046440", "Yulinana10", "Betadin7", "ujmulyana", "jannyarf", "Elchapo86100796", "BambangAriefS1", "Aryans_karo", "sri06239248", "salehali2019", "dwi_PAL1109", "RebornElang", "bin_sata", "Mumzeeq", "zulfahmi_coen", "MHN81_munawir"], "retweet": ["Jawhariaria", "Gojekmilitan", "NM_IrmAriani09", "Q1141010", "Mbahici", "marSyaheedAS", "camartiga", "dindachan", "dido_myname", "Titinpungky", "Asyaifullah_INA", "Syamsud76579252", "Alva47831808", "niketdewi", "sumadiseloguno", "dzy_co", "Winarsih193", "bekeraza", "ardhinotonegoro", "sofianrohman", "JOKOAS", "OpiniRakyat3", "kyasfiya", "Betadin7", "rillamaria_", "mutiaradewwi", "Arf_f4d", "babehbenz", "Alie_Fahnoor", "1997Viviek", "lizaariani5", "Sunarti25231614", "Yasmin15889819", "hery_pordjo", "AnisHudaya", "luhung72274343", "wannabeHCW", "Iqbalmuhy"]}, {"tweet_id": 1367782071809183752, "username": "dr_koko28", "likes": ["dedearisanti1", "AnnisaNoerQ", "soesantihartono", "Naylufaar5", "akoemala", "awliyanrs", "auliarismal", "Raja_Barra", "FarukbeJadd", "dinaadityareni", "intanipk2", "just_oya", "Sonarand", "sucinafs", "Nisaa_C_Almeer", "Ndit10", "legiarta", "putrabaligmail1", "kokomfadillah", "Nurwiyati8", "JohnT7582", "bekeraza", "Niakiat", "riana2377", "tonibrahim1", "bulan_moonlight", "nftri19_", "Elchapo86100796", "Annicsm", "Aryans_karo", "TheInitiative8", "trainer_sammy", "diahdoank1505", "sedangmelakukan", "NurIda9", "aziz_hudaya", "PujiAyuuu2"], "retweet": ["AnnisaNoerQ", "here_ma", "Istikom66032621", "NM_IrmAriani09", "Lahirkembali4", "chuyAjah", "AditPutraH", "Fansurycmp2", "lovebananachoco", "NTrizuni", "ElfizaEnny", "pinajw", "ish_ma07", "npindh", "ratdelia", "Dilakardilah", "Raflifernanda20", "ecchasaputri", "bekeraza", "ditamanoppo_am", "Asyifash_", "rillamaria_", "Bougain34875357", "nuraamyra", "Arf_f4d", "WiedYuli", "ncutzau", "mofirad", "shfmarisaa", "JawaSandho", "IkhtiariniDwi", "IrianiWidyastu9", "Abah_Bangsa", "ouchpailov"]}, {"tweet_id": 1367733934176436227, "username": "dr_koko28", "likes": ["dedearisanti1", "AnnisaNoerQ", "Arema13241", "Mukidioon2", "m_syaf77", "rei_iichan", "FariedOkt", "lukmanihsan", "margo_siswadi", "SeeSee_Me", "harri808", "UMarpipi", "ikhsansiregar19", "AnjarCahya6", "MildaHayati2", "pedskiibax", "BannedMs", "SunardiGiman1", "sulistyo_erna", "hany_yulistiati", "JOKOAS", "riana2377", "miharja_ozzy", "None79433571", "OpiniRakyat3", "FalikhP", "djonprasetyanto", "Nsadar1", "AbbasMD01827312", "Aryans_karo", "Pelangi_Meta", "takumiastira", "Kamel90957802", "romdhananas", "gongnie3", "NurIda9", "umifarhanfaris"], "retweet": ["AnnisaNoerQ", "Ingin_Bersuara", "icundds", "zennnaku", "Fansurycmp2", "Syamsud76579252", "jelantahunters", "sugito43334255", "basuki_lala", "bob_rahmat", "BudiTurmudzi", "AnnisaK03107740", "KamiOposisiID", "alang_kadumpel", "AcehSelatanSatu", "beautydyah", "pandjigaruda", "RaihanAlthafFi1", "imbangimedia", "bekeraza", "pedskiibax", "sofianrohman", "PradityaBeni", "zulfadhliashari", "ida_ahfadz", "OpiniRakyat3", "nya_banyak", "Nurchan93995658", "himura89517038", "gzuryanto", "EllynHrp", "AA_bachtiar", "bayuCivil", "IrianiWidyastu9", "lelakiabiez", "lukmanihsan", "itafgaul"]}, {"tweet_id": 1367625307633586178, "username": "dr_koko28", "likes": ["dedearisanti1", "PurbaningL", "mphie1041", "IdaNurh02040151", "eemom73", "Radenmasbro7", "BudiTurmudzi", "zhen_bank", "encesutisna", "Susanto95252285", "thesurvivorone", "Sugali09708982", "satya_kusumah", "MJtuhMasJoko", "akan_semua", "bekeraza", "ZDatenk", "Carnudin1", "Roland12418620", "kebunsalakdoyie", "MbahBuyutmu", "hendra_superdad", "bayhaqiumar1974", "Vellaasyah1", "dicakrawala", "Nsuhendar81", "_Gayuhlestiawan", "isghina", "EdyAryanto7", "SevenSeas87", "DanoevdBerg", "MTorvald", "DontcryindoKid", "AlfusSalam5", "umifarhanfaris", "ElshidqieSahal"], "retweet": ["Ingin_Bersuara", "SMujsin", "ratu12noer", "BudiTurmudzi", "liranti", "Hitamputih2010", "AcehSelatanSatu", "ordinary68", "Lelirahman2", "FanraJoy", "kidoelkoe", "AhmadJapra7", "bekeraza", "AbolichdZ", "rina_yuliastuti", "Sasungkaryahoo1", "PradityaBeni", "onomsalam2pas", "kebunsalakdoyie", "mohbunyan", "Dadu24439009", "himura89517038", "Basyori19", "Sunarti25231614", "wannabeHCW", "yasboy", "DontcryindoKid"]}, {"tweet_id": 1367111127302246405, "username": "dr_koko28", "likes": ["dedearisanti1", "Naufal_albarru", "Belvara6", "Liyir3n32", "SiRahma15", "sidik_ch", "nukyramadhanim", "baesushixx", "anisafebri789", "NotUrCinderelly", "Ucik26618415", "geraicina", "Lollipopcrayon", "xxlittlefox_", "ssIeepyy", "PujiAst23267250", "ReinoselowissA2", "matchacaramelo", "Afiat69784865", "searthope29", "HRJun23__", "ddaengjwi", "h3llowhatsup", "ceristeen_", "meimei11001", "Eha_Mae", "rintikhujan421", "Ssstth3", "jorslzyy", "FnRhma"], "retweet": ["pickavano1", "wilmanovika", "rasanyasepi", "susssanz", "kageyamassi", "usiapee", "Dianaindless14", "xylgdf", "TEMENNYASEBONG", "Novindabam12", "Cintyasyf", "riyan_adiyana", "nareyga", "FirkhaMuna1", "kim_ninnni", "Mine_Bupp", "RizFY4", "sukadianyagak", "FelixFe28827672", "juwitaordinary", "nindykarima1", "maunatl_", "_Nandot_", "NRahmawati049", "Kangcahyo1", "ReinoselowissA2", "Niyyae", "tikamdaridepan", "sewindd_u", "ceristeen_", "nandorero05", "Riegobengek", "pulangesok", "rintikhujan421", "meolyk_", "anistiayr", "yumglg"]}, {"tweet_id": 1366924864594927619, "username": "dr_koko28", "likes": ["NM_IrmAriani09", "mtrasyid", "MelaAme14943865", "auliarismal", "camartiga", "yulita47268192", "wangkyberdikari", "Yesyou98196360", "ayumonte75", "herdiawansyah", "SIR_Pribadi", "Alva47831808", "BMurniati05", "idrusanggawi", "AghnaFath", "AmoyAbuy", "Suarjo18", "ordinary68", "Artha_zhau", "syam_hanan", "suryobumi", "mieerra2015", "HarjoAri", "febrianihidayat", "OpiniRakyat3", "sudrajat_riyad", "Nenglin7", "alfinurtia22", "Aryans_karo", "CaptainBlue24", "Ex23038856", "Dindin_Nutr", "jud_abdllah", "justikanew", "arpas2000", "Akunke47", "nurabiram", "risnandar_enda", "pzhaka"], "retweet": ["Mamahidah3", "Sjaechu", "AndrisGhiffari", "sofianrohman", "Sunarti25231614", "OpiniRakyat3", "camartiga", "JawaSandho", "nyonyahsyuper", "jahesusunya", "Alva47831808", "SIR_Pribadi", "bekeraza"]}, {"tweet_id": 1366730607548456965, "username": "dr_koko28", "likes": ["rnarizki", "ediebebel29", "NicolasBakhtiar", "TisueePaseo", "FarukbeJadd", "nayacoffeexoxo1", "Zuhud_Dunia", "ivant99", "Liza47606108", "sakrina_dewi", "rini2108", "neng_armi", "_starjump", "eghar_ahmad", "Raflifernanda20", "puspa_panggeso", "bekeraza", "dhs_67", "mieerra2015", "Moeza24063446", "Barbarr95788523", "sayafranseesca", "Berkah88057601", "WiedYuli", "sederhana_aje", "Aryans_karo", "RioKreatif99", "Yosan2020", "NuryFitri", "Chan11Vero", "Syafira_Luthfia", "MGunturcigun", "MiraRatnaS", "ekyjulian_", "EmmaNikmah", "im_mamam", "RuslanGasang", "reyurbae"], "retweet": ["anhafizha", "MuhamadHimura", "Alva47831808", "RuslanGasang", "bekeraza"]}, {"tweet_id": 1366377518962339852, "username": "dr_koko28", "likes": ["cbjesi89", "VaniIndriani10", "cintaicinta2", "rnarizki", "areal_tube", "AzzamDidin", "hariyadiagung18", "Widiast32861669", "Yenie81913483", "brownishdust", "Rania30712203", "mahsussyarief1", "laodesahrulan", "Ajuztin2", "sasmiaty", "Raflifernanda20", "bekeraza", "Ruslinkan", "toembal", "name_single", "Barbarr95788523", "Ayoeng18", "laode_k", "OnceOnc28914824", "Firzasabrinaa", "SayangAtun", "Desiana00324533", "Aryans_karo", "Kopi_laut", "Abah771", "MarisNoeng", "ChanafiahEmy", "upiagio", "EmmaNikmah", "wahyu_djanti88", "MiraRatnaS", "hidayat_gibran", "NurIda9", "lestari_muni"], "retweet": ["laodesahrulan", "MSyam_ilwa", "IrianiWidyastu9", "bekeraza", "toembal"]}, {"tweet_id": 1366227138823688193, "username": "dr_koko28", "likes": ["AnjeliaJoana", "tanti_art", "cute_wardah", "NtjepIwan", "maymasrlow", "anakampung1886", "My9Kings", "iranajamil", "Anjeng_Sy3kaleh", "widhindra19", "leleyy04", "admdty1", "dindaca94925076", "jpnrlst", "samsul_bahrein", "nvarhx", "z_kenyong", "Syaifuddinnor7", "bubuumu", "kochengmab0k", "sayafranseesca", "Feelingguddddd", "nanotonoCrewing", "Henderaryyy", "rizkyafnisa_", "riefcore", "bagassharsanto1", "Aryans_karo", "desiRosmiati96", "Febiriskia42", "hi_ni_high", "wlnarsk", "errr34230355", "psycholatos_", "ermashyy", "mpsssah_", "AZakiKarim", "NurIda9"], "retweet": ["jejelubis", "iSomE_02", "Anjaswisesa_K", "rizkygausp", "pinksanddd", "Tri74784882", "salmanfrzi", "nungguin_jodoh", "akasnaru", "bellaaprimanti", "lisa_falah", "IoghBp", "mass_adit", "ronalwithout_d", "Chanisa_02", "Syaifuddinnor7", "aparathati", "mbooooottttt", "ressayng", "HolifMed", "tobing17_06", "shania_descha", "sadgitariusxx", "ayusuari", "musurifu", "akhwatelya", "Mazix4", "desiad", "Hariri48932987", "tanya_redo33", "AbanggSayur", "shaf12146531", "akocktea", "arizkyariffauzi", "Sigal97923088"]}, {"tweet_id": 1365600679138525186, "username": "dr_koko28", "likes": ["lutfitaba", "kampretwashere", "JasmineReynara", "Q1141010", "AKPutr4", "bambangsknt", "PurbaningL", "mphie1041", "akalsjsjns", "hastomo59040926", "kopassos", "anandatian01", "ZAflida", "Din034", "Kartika99403262", "AtmadjaEranio", "NurjannahSifa", "issdeuh", "sucinafs", "Pejuang94347681", "Ajuztin2", "arfiasta", "erwantaufik", "ayf_ybm", "IdaSosia", "dhs_67", "bekeraza", "Masetyawan57", "chorzleth", "Chootabeem1", "Era_Komputama", "RifaiAkhmad11", "NanikPuspitasa5", "Aryans_karo", "CakTyo77", "dr_mayangindah", "noejanuari", "cepi_hilmi", "NurIda9"], "retweet": ["Gojekmilitan", "istana_dagelan", "Q1141010", "AhmadBaron11", "HarahapNapurpur", "dhecha_stwn", "rifqifauzi", "MaryamM04135566", "Asyaifullah_INA", "DjailaniMs", "OwnerRaos", "kang_badjigoer", "sukabumiazam", "legiarta", "FachriV", "arfiasta", "AcehSelatanSatu", "ichsan_AL", "ZamramyF", "Ikhsanliterally", "ihwan_sn", "bekeraza", "Delta_tofu", "BudiBugar", "JoenLeiza", "PradityaBeni", "mutiaradewwi", "MefaisalFm", "sayafranseesca", "sendekalami", "lizaariani5", "HastutiHakim", "mofirad", "ajrvm3", "Nunung12926876", "cepi_hilmi", "latifnurrohmah", "echoPiR", "RuslanGasang", "kopassos"]}, {"tweet_id": 1365320199021293568, "username": "dr_koko28", "likes": ["cbjesi89", "mas_deden7", "FirdausHamta", "li3elli", "echaasmawi", "rei_iichan", "PurbaningL", "Yenie81913483", "rakhawachyu", "Liza47606108", "juliajulianti6", "wargapucanggadi", "Duhilah1", "wiwiksmd", "deno_sudarsono", "Jaladipa1", "EniRositaa", "adhyeljufri", "Raflifernanda20", "bekeraza", "mulyyyyy", "Ruslinkan", "cherbon12", "OnceOnc28914824", "bismillah2iimh5", "NasiPec43924675", "iwanyoel", "emYazzlubnahl", "EndangMoro", "Desiana00324533", "Aryans_karo", "YadiMulyadi24", "amy_cleo10", "arifkasiman", "emeliasari5", "ocelannaaa_", "fazah97", "EmmaNikmah", "da_yuunn", "NurIda9"], "retweet": ["YadiMulyadi24", "nadiahumni", "ceritanyastrid", "Alva47831808", "bekeraza"]}, {"tweet_id": 1365093374630354949, "username": "dr_koko28", "likes": ["Akunketiga_212", "cbjesi89", "imaqw02", "Raja_Barra", "AndiPitopang6", "NicolasBakhtiar", "KikaOyes", "imhoyk", "ratu12noer", "FarukbeJadd", "intanipk2", "albukhorie1", "Duhilah1", "EniRositaa", "HanisVanHallen", "arjuromego", "suswaeni", "mastuyi", "Raflifernanda20", "bekeraza", "Na_onlyNa", "mieerra2015", "no_body2121", "gwpemimpi", "m_xherdan", "FananieZamri", "JinPanjulSompla", "uusdaudyusuf", "agungt10", "Nsuhendar81", "Aryans_karo", "Tsabit66220530", "RMZL8", "deedennnn", "bundari50", "EmmaNikmah", "woro_nurisna", "arifin_alif", "gesti_90"], "retweet": ["Alva47831808", "yazid_fadhlan", "HanisVanHallen", "iniidans22", "ratu12noer", "bekeraza"]}, {"tweet_id": 1363277772538343425, "username": "dr_koko28", "likes": ["MelaAme14943865", "NicolasBakhtiar", "AnngNadiah", "Risma_Nurh", "MahaD3w4", "margo_siswadi", "iwa_sungkawa", "Fadlipenyair", "intanipk2", "boedjenk", "ElMubar26384689", "Affhmb", "MJtuhMasJoko", "puspa_panggeso", "grintilof", "Ruli71900223", "chorzleth", "Satria67397632", "choudragonboys", "jywenxu", "SitiNur88354994", "OpiniRakyat3", "BlokirBoris", "NShairan", "Orchid30327847", "akutehlita", "Muhamma93657479", "Aryans_karo", "NuryFitri", "dedihermanto813", "adristafd", "bukanpadianih", "NAshfinawati", "EmmaNikmah", "HanafiM43", "mnfrcn", "gesti_90"], "retweet": ["boedjenk", "Hidayat84169020", "rizkygausp", "janganbegok", "Alva47831808", "LWu1485"]}, {"tweet_id": 1362961843497525251, "username": "dr_koko28", "likes": ["NKRI_NTBSasambo", "Ririn55188104", "AnnashrMaulana", "soeyoto1", "Fitrisoejoto72", "Yous_Sevgilim21", "85albasrihasan", "Kelodandi1", "riskasari_yulia", "Rahmattambuna11", "syahroeldwii", "adelpie61096958", "EniRositaa", "pipir_lamping", "abdrozaq7", "kyhilld", "Kemilau15", "Satria67397632", "syahrial_nst", "ida_ahfadz", "sukrin_amrain", "Al_ChodCh78", "DearReAkSe", "YaneFonda", "dhantiti", "EkaNovi05502032", "Bram34733603", "Aryans_karo", "Ex23038856", "Pelangi_Meta", "Fannynw08", "91589ab7f59d480", "perantausoekses", "perintis_ali"], "retweet": ["piyaaapiyoo", "NKRI_NTBSasambo", "an_dien06", "soeyoto1", "Alva47831808", "CivilSociety17", "syahroeldwii", "mamiennie", "ordinary68", "aisyahnpermata", "rositaayuuu", "pelaritangguh", "bekeraza", "PradityaBeni", "sukrin_amrain", "ciccarlliwhite", "tikabudi", "SartonoBisri10", "fadhlierlanda", "Dpk76Rahmat", "Desiana00324533", "PrasieOet", "fitrianisaww", "Fannynw08", "yourcleop"]}, {"tweet_id": 1362597244772388867, "username": "dr_koko28", "likes": ["fansempol", "echaasmawi", "HisyamMochtar", "Fatmarahmania3", "Pusadi3", "iranajamil", "Nunungkurniaw11", "dede_hid4y4t", "FarukbeJadd", "atikahyanti", "RAKemal", "Kartika99403262", "intanipk2", "rochland_y", "mas_haidar", "Salsa_2111", "EniRositaa", "KataOpreker", "akifulkhoir95", "Dhyta883", "suryo_gunarso", "AjieQomarudin", "Bougain34875357", "SartonoBisri10", "Sulisti26661990", "emYazzlubnahl", "didikeko86", "cinamelayuu", "Aryans_karo", "Ex23038856", "NasutionMirwan", "affandi_fandy", "93_1293", "smangarapandja1", "panggilaku_pha", "HashimThaci1", "DontcryindoKid", "MonaPurnomo"], "retweet": ["sj_eunhaeyah", "Koleeekdol", "Alva47831808", "mamasykan", "RAKemal", "imaainaa", "ivant99", "erteyoyo", "L4dytyp0__", "kautsardiaz", "DeNunk", "Thefutu02582576", "bekeraza", "JOKOAS", "ali_nurlah", "ArieAvor", "Bougain34875357", "hsolichin", "DontcryindoKid"]}, {"tweet_id": 1362268920229453828, "username": "dr_koko28", "likes": ["sulastrianshori", "cbjesi89", "huda183", "me_iwan", "WiewiedOetomo", "Qraybatavia3", "Widiast32861669", "Khusniah13", "Zanikhan95", "comara_hidayat", "FarukbeJadd", "23_llaaa", "Heerdanrohim2", "Liza47606108", "Ghazi10415477", "Jawus7", "junejunita09", "EniRositaa", "Dadang_suhe_", "terusapejak", "ordinary68", "nazirzirta", "bekeraza", "amsoneuljabwa", "pawang_banteng", "jakartadanish", "adillawk1", "FattiReyz", "Aryans_karo", "Ex23038856", "DefUncle", "ChanafiahEmy", "ShadowFC80", "deaboy1", "MiraRatnaS", "intansuci_a", "AsihSun44472129", "gesti_90"], "retweet": ["deaboy1", "bekeraza", "MTorvald"]}, {"tweet_id": 1362025673880076290, "username": "dr_koko28", "likes": ["Noni33697740", "huda183", "JuliusSt3", "RezaPut78903608", "akurikaa", "drMuhHasan", "CicikMelania", "Arif_KaChef", "FarukbeJadd", "BasriBasri23", "Fitrisoejoto72", "Milah68614490", "WongNeh", "rdirusdi", "aisyahdamae", "EniRositaa", "bayualdialdi", "ArieSetyanto2", "rudi_imtihan", "bekeraza", "aladetia", "wennykurniaw", "Era_Komputama", "rohma_umayanti", "SartonoBisri10", "wemacokofficial", "LALUSALEH2", "Ameeranti", "himura89517038", "SDiahsastro", "Yasmin15889819", "dedihermanto813", "adriCB8", "paktuasakit", "BocorKangSampah", "Medis_update", "AsihSun44472129"], "retweet": ["WongNeh", "lyadks", "Alva47831808", "RezaPut78903608", "akoemala", "Yasmin15889819", "ali_nurlah", "adriCB8", "ambo_miocarbon", "RatuAnissah2", "Medis_update", "himura89517038"]}, {"tweet_id": 1362008638366224384, "username": "dr_koko28", "likes": ["Muhamma95872218", "flamingoterbang", "OnlyHanna2", "Lisaamartatara4", "salahuddin_u", "sapto_hutomo", "Fitrisoejoto72", "apocpak", "SeeSee_Me", "clairinecrystal", "AtriLagi", "Ramadha83954315", "hanif_sabili", "afrizal390", "najwa2_nashwan1", "ellitesquad", "afrizam90", "DameriatiZ", "Guplak32540537", "Lyra74687740", "juangjaruna", "UmmuIzzah13", "HafidWiwi", "uusdaudyusuf", "muhamma53310413", "Chaerim05", "mon_stones", "sanbud72", "AAdhy04", "Kopi_laut", "Hilda69843114", "FerawatiRara", "yunicahyanigma1", "Aseni52329668", "Ariefgoku", "nandariss", "andhy_taz", "93_1293", "faridwijaya"], "retweet": ["kira_lopeSH", "Archi88052666", "marSyaheedAS", "padasoeka", "Kmpanca23", "hazanulzikra", "Irwanto46705213", "faradhil", "La2Joef", "imranmahmuda", "AlfusSalam5", "ghaszpringfield", "mamiennie", "Ara04366032", "hanif_sabili", "nana040461", "ihwan_sn", "j4cky_josu", "farid_alfaruq", "DameriatiZ", "shoufiimam", "inlandertengik", "eddo_awanga", "ali_nurlah", "hendrakulaa", "Arf_f4d", "cbudiman42", "Sad_dam", "SFariseS", "Novikur42124212", "donosrom", "gibrra1", "Afandy75399822", "adriCB8", "andhy_taz", "sulthanmunir", "AgusSamsir6"]}, {"tweet_id": 1361961441352323078, "username": "dr_koko28", "likes": ["cbjesi89", "MelaAme14943865", "Nonaririnbudi1", "nadrayanti", "puputmadesa", "Asjtn", "FarukbeJadd", "freshtyfirst", "Kartika99403262", "aldinjuniarty", "PandeglangTien", "riskasari_yulia", "Ikhwan7891", "yulied", "AtriLagi", "IkhlasAkhlis", "EniRositaa", "Ronakurniawan", "bellewuri2", "erladhi", "bekeraza", "mieerra2015", "Susantoratna1", "_meyracle", "EkaNovi05502032", "Aryans_karo", "dedeawe", "purwantiani82", "Ex23038856", "Desiponisari", "simabura5", "EmmaNikmah", "iviiiii95", "ant_penyol", "Diah2021", "Teddy_RoesBear", "gesti_90"], "retweet": ["Evi_L1", "MansyurMancunk", "MelaAme14943865", "Raja_Barra", "irni363", "shi_mbok", "val_k1lmer", "windysgreat", "Alva47831808", "sykzir", "bunk_zae", "AbelMaryam", "ZDEEN_00", "kicepkicep", "Dimasadnn_", "30_sujin", "walian76", "_fireshare", "ndynof", "Arf_f4d", "fadhlierlanda", "lenaledut", "niasunarti", "SoetopoRini", "Teddy_RoesBear"]}, {"tweet_id": 1361939555402719233, "username": "dr_koko28", "likes": ["cbjesi89", "Abubarra26", "dedysusanto55", "mohamadfajeri11", "agoeng_drg", "Cahyoyoyoi", "R4kade", "komarudin_69", "Dedi839", "Liza47606108", "widhindra19", "muhammadleo68", "harri808", "Sugali09708982", "AnshariHadi72", "EvanFerdyansyah", "ada_andesta", "MJtuhMasJoko", "Artha_zhau", "MuhamadHimura", "B_dzoel", "mangasef", "bekeraza", "syaiful_syukur", "chorzleth", "UmmuIzzah13", "bayhaqiumar1974", "jannahshunter", "ekahsaptarina", "Aryans_karo", "CaptainBlue24", "Ex23038856", "Amela_Z081", "HaniAnya", "ArdiLaksono7", "okinaa_", "SintaOk65775745", "gesti_90"], "retweet": ["Maulana11423281", "Opang_binares", "bekeraza"]}, {"tweet_id": 1361131529540304898, "username": "dr_koko28", "likes": ["cbjesi89", "Fatayati2", "alana_erte", "Cahyoyoyoi", "farabmri", "nandosony", "Nunungkurniaw11", "arinbinga", "rakhawachyu", "AtmadjaEranio", "Fitrisoejoto72", "npsansant", "rendriyuandra", "fautyahmad", "sykzir", "Masjonophoto", "RiaFitr82109094", "EniRositaa", "shinta894", "nailaassiffa", "rositaayuuu", "Taupik__", "TrumanDuncan1", "suryadinikayam", "Laneyitapunga", "AbangZae92", "EkaNovi05502032", "PolliPequena", "dicakrawala", "twettyayu", "Aryans_karo", "Ex23038856", "areMeann", "IMMtea1", "Heru71011564", "diahdoank1505", "Alhamdulillahm7", "KuldesakSunyi"], "retweet": ["akbarnugrohoa", "MitraBPJogja", "alana_erte", "Cahyoyoyoi", "dindachan", "nandosony", "Alva47831808", "ratu12noer", "npsansant", "DaveNucleus", "rendriyuandra", "Masjonophoto", "Alfarouqi4", "nailaassiffa", "Nigellasativa5", "aisyahnpermata", "ahmadazhkia20", "bekeraza", "Maybenoturtype", "Maulana11423281", "TrumanDuncan1", "PradityaBeni", "suryadinikayam", "Itsmaryanti", "cvddlecare", "Laneyitapunga", "cbudiman42", "jruuk", "ikutPilpres", "PolliPequena", "Sekedartanya12", "twettyayu", "ichacholl", "areMeann", "Alirizl_", "arifin_alif", "mac_ken__cheese"]}, {"tweet_id": 1381635056544833545, "username": "evalez_fr", "likes": ["yadisariyadi"], "retweet": []}, {"tweet_id": 1381612670172811269, "username": "evalez_fr", "likes": ["emha_baraja", "senyuminajjahh", "DaniCicadasBdg", "GessyHGanie", "NelldeeShop", "Go3nda", "Sumantr74668123", "bimo_pr", "adelpie61096958", "Batu_Badaong", "katzen_jammer", "Yu511m2m", "Erte56209029", "rizal9973", "mustcho_55555", "Lidya54777752", "JaenoXTM", "irfan_boement", "Alie_Fahnoor", "asepsudirman58", "Abimanyu_05", "militanvespa"], "retweet": ["Erte56209029"]}, {"tweet_id": 1380298293478006788, "username": "evalez_fr", "likes": ["Lidya54777752", "Yusriza45937310", "anantaprayugo", "MAmrihi", "Wala_Bara_", "kurodai511", "azkomi", "Misstea1284", "katzen_jammer", "zambick", "penyampai_info", "Spriebadi", "Ansyah56", "nesstandjung", "ghany_75", "CorleoneRagnar", "alazis89", "HukumTaat"], "retweet": []}, {"tweet_id": 1374469167336677376, "username": "evalez_fr", "likes": [], "retweet": []}, {"tweet_id": 1374468598819737602, "username": "evalez_fr", "likes": [], "retweet": []}, {"tweet_id": 1374378171257159681, "username": "evalez_fr", "likes": ["umar_agil", "Abdulma29674797", "SyarifAlkadrie3", "KBroendoel", "LPingitan", "e4agus", "AWiningrum", "tarudin215", "EinsElfre170845", "Adhit_1909", "SIR_Pribadi", "mbah_mukidan", "BatubaraFahreza", "nonnbanon", "alexandreanov", "Misstea1284", "Kang_eNeS", "PuspaVivi1", "kokomfadillah", "Surantaedi", "LtdAkbar", "nasmid", "Hadzihi_Poppy", "DutaHapsara", "fendi_williamss", "Alie_Fahnoor", "L3gi0n_B4ttle07", "bambangwondho", "PlisFor9iFmii", "musaKSQ", "glanter19", "dedihermanto813", "A30Fathi", "ARisnawan1982"], "retweet": ["royal_dudeness", "Rizky8421", "RinjangKuning", "Akunke47", "Zamrud021", "nurdahayat12", "asuhan_nemesis", "baee_wee", "StalistS", "andi_achilles", "inggavalensi", "deandry", "ices_tea", "pakne_salman", "celebesid_", "bekeraza", "vitta_mangelep", "LailyShey"]}, {"tweet_id": 1372430396411940865, "username": "evalez_fr", "likes": ["Wala_Bara_", "SangLangit01", "Yu511m2m", "katzen_jammer", "kurodai511"], "retweet": []}, {"tweet_id": 1371081770406268930, "username": "reentis_", "likes": [], "retweet": []}, {"tweet_id": 1371027877416763398, "username": "reentis_", "likes": [], "retweet": []}, {"tweet_id": 1363635954095771657, "username": "reentis_", "likes": [], "retweet": []}, {"tweet_id": 1370324203002470400, "username": "rkmiddleeast", "likes": [], "retweet": []}, {"tweet_id": 1370322339146002434, "username": "rkmiddleeast", "likes": [], "retweet": []}, {"tweet_id": 1370321946232033283, "username": "rkmiddleeast", "likes": [], "retweet": []}, {"tweet_id": 1376752445255163907, "username": "dhaer23", "likes": ["kenhans03", "bett_om"], "retweet": []}, {"tweet_id": 1376683067423686662, "username": "dhaer23", "likes": ["kenhans03", "Keysa_Dyk", "bett_om"], "retweet": []}, {"tweet_id": 1374631308421296137, "username": "dhaer23", "likes": ["Rismaliez85"], "retweet": []}, {"tweet_id": 1373942151139131394, "username": "dhaer23", "likes": ["NovietaSuyoso"], "retweet": []}, {"tweet_id": 1371262384514297860, "username": "dhaer23", "likes": ["FadillahRonal"], "retweet": []}, {"tweet_id": 1367055115878760448, "username": "dhaer23", "likes": ["BesongSatu", "AgusFHermawan1", "henriloedji", "Harrykaliber1", "SyafeMubarok"], "retweet": []}, {"tweet_id": 1367014493046235137, "username": "dhaer23", "likes": ["bett_om"], "retweet": []}, {"tweet_id": 1366723872322584580, "username": "dhaer23", "likes": [], "retweet": []}, {"tweet_id": 1366688352523612161, "username": "dhaer23", "likes": [], "retweet": []}, {"tweet_id": 1365802537182318596, "username": "dhaer23", "likes": [], "retweet": []}, {"tweet_id": 1363822780458803209, "username": "dhaer23", "likes": [], "retweet": []}, {"tweet_id": 1362715345400725507, "username": "dhaer23", "likes": ["RyaWiedy"], "retweet": []}, {"tweet_id": 1361992258757697542, "username": "dhaer23", "likes": [], "retweet": []}, {"tweet_id": 1373507784319246336, "username": "aldoaria", "likes": [], "retweet": []}, {"tweet_id": 1373496090096402436, "username": "aldoaria", "likes": [], "retweet": []}]