[{"tweet_id": 1373398774781911040, "username": "mamiy62", "likes": ["arifkasaja", "1263Bp"], "retweet": ["1263Bp"]}, {"tweet_id": 1372781857796853760, "username": "mamiy62", "likes": [], "retweet": []}, {"tweet_id": 1377173259947438084, "username": "ghazweet", "likes": [], "retweet": []}, {"tweet_id": 1362289674421633024, "username": "ghazweet", "likes": ["kalilawar_16", "Dark_Anger1", "WinnieYA88"], "retweet": ["Dark_Anger1"]}, {"tweet_id": 1371396043275866117, "username": "martinparlindu1", "likes": ["MartinParlindu1"], "retweet": ["MartinParlindu1"]}, {"tweet_id": 1378869659424813059, "username": "drnurjaya", "likes": ["WakilSuara", "LinziMuzii", "buangmursalim11", "rezanorman", "DrNurjaya", "freshbeancafe", "JokoSuw31434860", "RintoSantosa", "merlepyp1"], "retweet": ["DrNurjaya"]}, {"tweet_id": 1367418774387712000, "username": "tris_bdg", "likes": ["satriohendri"], "retweet": []}, {"tweet_id": 1372355290809606148, "username": "anggifatmah", "likes": [], "retweet": []}, {"tweet_id": 1379050123532111880, "username": "sanybachtiar", "likes": [], "retweet": []}, {"tweet_id": 1373122953039126533, "username": "sanybachtiar", "likes": [], "retweet": []}, {"tweet_id": 1373121111567704070, "username": "sanybachtiar", "likes": ["Mantanpremannnn", "ari_pasma", "sptcrea", "JenarSang", "akmalmusaddad", "tirta_hudhi", "rizalardiansyy", "NinanditaK"], "retweet": []}]