[{"tweet_id": 1349978208679051267, "username": "biano64", "likes": ["baee_wee"], "retweet": []}, {"tweet_id": 1345943185969725443, "username": "biano64", "likes": ["ElaMawardani", "WangsaIndria"], "retweet": []}, {"tweet_id": 1345938176766926848, "username": "biano64", "likes": ["jjunjunaedi", "YudiApih", "mommy_mawar45", "dannydhe", "WangsaIndria", "ASEPindonesia22", "BangDuyTea", "ElaMawardani"], "retweet": []}, {"tweet_id": 1323865900773040128, "username": "biano64", "likes": ["alrasG", "DeniSup62618513"], "retweet": []}, {"tweet_id": 1352157856284372994, "username": "rkmiddleeast", "likes": [], "retweet": []}, {"tweet_id": 1351777935825408003, "username": "rkmiddleeast", "likes": [], "retweet": []}, {"tweet_id": 1351652135709024256, "username": "rkmiddleeast", "likes": [], "retweet": []}, {"tweet_id": 1350715777687511041, "username": "rkmiddleeast", "likes": [], "retweet": []}, {"tweet_id": 1349887512550932481, "username": "rkmiddleeast", "likes": [], "retweet": []}, {"tweet_id": 1349310603341361152, "username": "rkmiddleeast", "likes": [], "retweet": []}, {"tweet_id": 1349274643404738562, "username": "rkmiddleeast", "likes": ["anton_harjo"], "retweet": []}, {"tweet_id": 1340667936831225861, "username": "isanniggah", "likes": [], "retweet": []}, {"tweet_id": 1338136169322713088, "username": "rollingeyesxio", "likes": [], "retweet": []}, {"tweet_id": 1339203299715678208, "username": "istilageni", "likes": ["setyani67997851", "ermbintang"], "retweet": []}, {"tweet_id": 1339173172063584256, "username": "istilageni", "likes": [], "retweet": []}, {"tweet_id": 1339172944078020610, "username": "istilageni", "likes": [], "retweet": []}, {"tweet_id": 1321128972193726466, "username": "istilageni", "likes": [], "retweet": ["MkomEliya", "trinugroho162"]}, {"tweet_id": 1339212053496569856, "username": "ardiardianto", "likes": [], "retweet": []}, {"tweet_id": 1338702844719853568, "username": "ardiardianto", "likes": [], "retweet": []}, {"tweet_id": 1349684098608971778, "username": "cucusuryana_", "likes": ["giaontweet"], "retweet": []}, {"tweet_id": 1349676049391525891, "username": "cucusuryana_", "likes": [], "retweet": []}, {"tweet_id": 1349313999771340803, "username": "cucusuryana_", "likes": [], "retweet": []}, {"tweet_id": 1301877198966587392, "username": "yaniherlina6", "likes": [], "retweet": []}, {"tweet_id": 1329787599838273536, "username": "kirey46720072", "likes": [], "retweet": []}, {"tweet_id": 1346683771865636864, "username": "joedynto", "likes": [], "retweet": []}, {"tweet_id": 1339203246393475073, "username": "joedynto", "likes": ["MaryamM04135566", "BhaktiRah"], "retweet": []}, {"tweet_id": 1334904611027603456, "username": "joedynto", "likes": [], "retweet": []}, {"tweet_id": 1334831017970913281, "username": "joedynto", "likes": [], "retweet": []}, {"tweet_id": 1334829807889121281, "username": "joedynto", "likes": [], "retweet": []}, {"tweet_id": 1334821469067431937, "username": "joedynto", "likes": [], "retweet": []}, {"tweet_id": 1334820922197385217, "username": "joedynto", "likes": ["Kika07070360"], "retweet": []}, {"tweet_id": 1334813853234778112, "username": "joedynto", "likes": [], "retweet": []}, {"tweet_id": 1334810723017322496, "username": "joedynto", "likes": [], "retweet": []}, {"tweet_id": 1330180234575028225, "username": "joedynto", "likes": ["Djati_Sunda09"], "retweet": []}, {"tweet_id": 1295772326152138753, "username": "joedynto", "likes": [], "retweet": []}, {"tweet_id": 1320161782875385858, "username": "callme_bunn", "likes": [], "retweet": []}, {"tweet_id": 1320160786996629504, "username": "callme_bunn", "likes": [], "retweet": []}, {"tweet_id": 1318533620680675328, "username": "callme_bunn", "likes": [], "retweet": []}, {"tweet_id": 1318533174633263104, "username": "callme_bunn", "likes": [], "retweet": []}, {"tweet_id": 1318423231049601024, "username": "callme_bunn", "likes": [], "retweet": []}, {"tweet_id": 1318422454847434752, "username": "callme_bunn", "likes": [], "retweet": []}, {"tweet_id": 1318339752857235464, "username": "callme_bunn", "likes": [], "retweet": []}, {"tweet_id": 1318338899727372289, "username": "callme_bunn", "likes": [], "retweet": []}, {"tweet_id": 1318337188623314944, "username": "callme_bunn", "likes": [], "retweet": []}, {"tweet_id": 1318104060650614785, "username": "callme_bunn", "likes": [], "retweet": []}, {"tweet_id": 1310861202570919936, "username": "callme_bunn", "likes": [], "retweet": []}, {"tweet_id": 1312949477301391361, "username": "ahmad_syah222", "likes": [], "retweet": []}, {"tweet_id": 1296687525335973888, "username": "ahmad_syah222", "likes": ["Gus_Baiq", "NinggarSejahte2"], "retweet": []}, {"tweet_id": 1355390548341874688, "username": "alinggabuana_", "likes": ["K__Hawwa", "HariemHally_"], "retweet": []}, {"tweet_id": 1355078444426670080, "username": "alinggabuana_", "likes": ["BlokirBoris"], "retweet": []}, {"tweet_id": 1354129315483549698, "username": "alinggabuana_", "likes": ["K__Hawwa"], "retweet": []}, {"tweet_id": 1353734494189187073, "username": "alinggabuana_", "likes": ["Febree17_"], "retweet": []}, {"tweet_id": 1353090830207078401, "username": "alinggabuana_", "likes": ["K__Hawwa"], "retweet": ["K__Hawwa", "Ceka25741174"]}, {"tweet_id": 1353072967152848900, "username": "alinggabuana_", "likes": [], "retweet": []}, {"tweet_id": 1352964357286551553, "username": "alinggabuana_", "likes": ["K__Hawwa"], "retweet": []}, {"tweet_id": 1352275673461624832, "username": "alinggabuana_", "likes": ["K__Hawwa", "JumhanaTintin", "naina_TShah", "azayakanaria"], "retweet": []}, {"tweet_id": 1352274292940001286, "username": "alinggabuana_", "likes": ["K__Hawwa", "JumhanaTintin", "Febree17_"], "retweet": ["K__Hawwa", "ReenTis_"]}, {"tweet_id": 1352273715648598016, "username": "alinggabuana_", "likes": ["Biano64", "K__Hawwa"], "retweet": []}, {"tweet_id": 1352273211690401792, "username": "alinggabuana_", "likes": ["JumhanaTintin"], "retweet": []}, {"tweet_id": 1352272708080336896, "username": "alinggabuana_", "likes": ["Biano64", "K__Hawwa"], "retweet": []}, {"tweet_id": 1352271559893807106, "username": "alinggabuana_", "likes": ["Biano64", "Iwidya_Mari06", "JumhanaTintin", "K__Hawwa", "ButterCupdanie1"], "retweet": []}, {"tweet_id": 1351205322082447363, "username": "alinggabuana_", "likes": [], "retweet": []}, {"tweet_id": 1351165337715302402, "username": "alinggabuana_", "likes": [], "retweet": []}, {"tweet_id": 1351058135113412609, "username": "alinggabuana_", "likes": ["K__Hawwa"], "retweet": []}, {"tweet_id": 1350977976071036928, "username": "alinggabuana_", "likes": ["Biano64", "K__Hawwa"], "retweet": []}, {"tweet_id": 1350975294992211968, "username": "alinggabuana_", "likes": ["nenggusti"], "retweet": []}, {"tweet_id": 1350975033477378053, "username": "alinggabuana_", "likes": ["dr_koko28"], "retweet": []}, {"tweet_id": 1350878754227175424, "username": "alinggabuana_", "likes": ["Alinggabuana_", "loversmoonnite"], "retweet": []}, {"tweet_id": 1350847442476929026, "username": "alinggabuana_", "likes": [], "retweet": []}, {"tweet_id": 1350845275636600838, "username": "alinggabuana_", "likes": [], "retweet": []}, {"tweet_id": 1350844639507607552, "username": "alinggabuana_", "likes": [], "retweet": []}, {"tweet_id": 1350843117277044736, "username": "alinggabuana_", "likes": [], "retweet": []}, {"tweet_id": 1350451107416350720, "username": "alinggabuana_", "likes": ["Alinggabuana_"], "retweet": []}, {"tweet_id": 1350448955717402625, "username": "alinggabuana_", "likes": ["Rin__arini", "samsiitem"], "retweet": ["Rin__arini"]}, {"tweet_id": 1350263325578260480, "username": "alinggabuana_", "likes": ["K__Hawwa"], "retweet": []}, {"tweet_id": 1350165608747266049, "username": "alinggabuana_", "likes": ["Biano64", "K__Hawwa"], "retweet": []}, {"tweet_id": 1350144377570529281, "username": "alinggabuana_", "likes": ["K__Hawwa", "Alinggabuana_"], "retweet": []}, {"tweet_id": 1350139269004681217, "username": "alinggabuana_", "likes": ["Biano64", "Alinggabuana_", "K__Hawwa"], "retweet": []}, {"tweet_id": 1350008570985648128, "username": "alinggabuana_", "likes": ["Biano64"], "retweet": []}, {"tweet_id": 1349973877519118337, "username": "alinggabuana_", "likes": ["K__Hawwa"], "retweet": ["K__Hawwa"]}, {"tweet_id": 1349827491037233152, "username": "alinggabuana_", "likes": ["MuliaAhmad10", "Alinggabuana_"], "retweet": []}, {"tweet_id": 1349826238945214464, "username": "alinggabuana_", "likes": ["Biano64", "Alinggabuana_", "K__Hawwa"], "retweet": []}, {"tweet_id": 1349825626698514432, "username": "alinggabuana_", "likes": ["K__Hawwa", "azayakanaria", "Alinggabuana_"], "retweet": ["K__Hawwa", "Alinggabuana_"]}, {"tweet_id": 1349823115254067200, "username": "alinggabuana_", "likes": ["K__Hawwa", "Alinggabuana_"], "retweet": ["K__Hawwa"]}, {"tweet_id": 1349822132998455296, "username": "alinggabuana_", "likes": [], "retweet": []}, {"tweet_id": 1349821933806731264, "username": "alinggabuana_", "likes": ["Biano64", "Alinggabuana_", "K__Hawwa", "evalez_fr"], "retweet": ["K__Hawwa"]}, {"tweet_id": 1349777817362259973, "username": "alinggabuana_", "likes": ["Biano64", "azayakanaria", "K__Hawwa", "dr_koko28"], "retweet": []}, {"tweet_id": 1349627586654060546, "username": "alinggabuana_", "likes": ["K__Hawwa", "OdriSeva", "B_JoAjaaa", "MamaLegend1"], "retweet": []}, {"tweet_id": 1349586543640395778, "username": "alinggabuana_", "likes": ["Iwidya_Mari06", "AnwarHu91529696", "K__Hawwa", "KhawlaZia", "thokhechang", "sipalika", "EfendiNurhiday2", "BlueJeans_Hitam"], "retweet": ["mirzaindzaf", "K__Hawwa", "renysuryani", "KhawlaZia", "BlueJeans_Hitam"]}, {"tweet_id": 1349517736557256704, "username": "alinggabuana_", "likes": ["RachmatBawono", "Biano64", "JumhanaTintin", "K__Hawwa"], "retweet": []}, {"tweet_id": 1349515446425325570, "username": "alinggabuana_", "likes": ["K__Hawwa"], "retweet": []}, {"tweet_id": 1349344057353404416, "username": "alinggabuana_", "likes": ["sipalika"], "retweet": []}, {"tweet_id": 1349342262342209540, "username": "alinggabuana_", "likes": ["sipalika"], "retweet": []}, {"tweet_id": 1349339154941833216, "username": "alinggabuana_", "likes": ["K__Hawwa", "HariemHally_", "Alinggabuana_"], "retweet": []}, {"tweet_id": 1349337625576964101, "username": "alinggabuana_", "likes": ["Da_yangqu", "Febree17_"], "retweet": []}, {"tweet_id": 1348915716389359623, "username": "alinggabuana_", "likes": [], "retweet": []}, {"tweet_id": 1348910718175768576, "username": "alinggabuana_", "likes": [], "retweet": []}, {"tweet_id": 1348873228626718723, "username": "alinggabuana_", "likes": ["MuliaAhmad10", "K__Hawwa", "JumhanaTintin", "ReenTis_"], "retweet": []}, {"tweet_id": 1348864709882122242, "username": "alinggabuana_", "likes": ["MuliaAhmad10", "K__Hawwa", "HariemHally_"], "retweet": []}, {"tweet_id": 1348860306760421382, "username": "alinggabuana_", "likes": ["HariemHally_", "JumhanaTintin", "K__Hawwa", "Alinggabuana_", "chuyAjah"], "retweet": []}, {"tweet_id": 1347364799718453250, "username": "alinggabuana_", "likes": ["evalez_fr"], "retweet": []}, {"tweet_id": 1339437058092199936, "username": "alinggabuana_", "likes": ["ReenTis_", "Nurulkjo1"], "retweet": []}, {"tweet_id": 1316246717981884417, "username": "alinggabuana_", "likes": ["K__Hawwa"], "retweet": []}, {"tweet_id": 1302793316510003200, "username": "alinggabuana_", "likes": ["K__Hawwa", "Alinggabuana_"], "retweet": []}, {"tweet_id": 1294333401588064256, "username": "alinggabuana_", "likes": ["kharimakharima1"], "retweet": []}, {"tweet_id": 1290259731559243776, "username": "alinggabuana_", "likes": ["K__Hawwa", "Alinggabuana_"], "retweet": []}, {"tweet_id": 1337811331068542976, "username": "kusumah94841006", "likes": [], "retweet": []}, {"tweet_id": 1300964599886262272, "username": "kusumah94841006", "likes": ["macchiatoxoxo", "andesrim", "imbangimedia"], "retweet": ["imbangimedia"]}, {"tweet_id": 1349335551179059202, "username": "liem_jaya", "likes": [], "retweet": []}, {"tweet_id": 1349334809043103746, "username": "liem_jaya", "likes": [], "retweet": []}, {"tweet_id": 1351769748258738177, "username": "banyu_k08", "likes": [], "retweet": []}, {"tweet_id": 1338812635467268096, "username": "banyu_k08", "likes": [], "retweet": []}, {"tweet_id": 1349593418847010817, "username": "cepwiditea", "likes": ["saya_abdi_aku"], "retweet": []}, {"tweet_id": 1348551455720964097, "username": "cepwiditea", "likes": [], "retweet": []}, {"tweet_id": 1349216326800195589, "username": "exoxwao", "likes": [], "retweet": []}, {"tweet_id": 1349214847842410496, "username": "exoxwao", "likes": [], "retweet": []}, {"tweet_id": 1350061469912559617, "username": "_gagan_algarni_", "likes": [], "retweet": []}, {"tweet_id": 1337954051737055232, "username": "_gagan_algarni_", "likes": ["ditamoechtar_"], "retweet": []}, {"tweet_id": 1337953449049112576, "username": "_gagan_algarni_", "likes": [], "retweet": []}, {"tweet_id": 1349963550119247872, "username": "diredjarahmat", "likes": ["nila_mrt"], "retweet": []}, {"tweet_id": 1349213597281390592, "username": "diredjarahmat", "likes": ["Sutrisn75924101", "DiredjaRahmat", "ChristNenden", "hendriprabowo"], "retweet": []}, {"tweet_id": 1349201730949443585, "username": "diredjarahmat", "likes": ["GusJengking", "ReshaRakasiwiP1", "MAMARAISA22", "dave_otek", "DiredjaRahmat", "banjar_sqaz", "SubhanErry", "XTimur2", "PapahB"], "retweet": ["YoyokSubandriy3"]}, {"tweet_id": 1349173448115843074, "username": "diredjarahmat", "likes": [], "retweet": []}, {"tweet_id": 1347449053727006725, "username": "diredjarahmat", "likes": ["guhendulenlove", "NenkNgapak"], "retweet": []}, {"tweet_id": 1325992612088619009, "username": "diredjarahmat", "likes": [], "retweet": []}, {"tweet_id": 1319601616501182464, "username": "diredjarahmat", "likes": ["kenhans03"], "retweet": []}, {"tweet_id": 1295345917826985990, "username": "diredjarahmat", "likes": [], "retweet": []}, {"tweet_id": 1295223164163694592, "username": "diredjarahmat", "likes": ["IraTusirah", "Dy53749810", "EddyWilmy"], "retweet": []}, {"tweet_id": 1334157096862957569, "username": "mit_psbg", "likes": [], "retweet": []}, {"tweet_id": 1328957591884607490, "username": "mit_psbg", "likes": ["sambelkelewek", "imanr81", "AYAHTONY"], "retweet": []}, {"tweet_id": 1349253059478573057, "username": "yudiirahman", "likes": [], "retweet": []}, {"tweet_id": 1339194410727219202, "username": "novablyze", "likes": [], "retweet": []}, {"tweet_id": 1339189930937892868, "username": "novablyze", "likes": [], "retweet": []}, {"tweet_id": 1339184217318588417, "username": "novablyze", "likes": ["OG_Whip", "veridiana_vm", "mowglindo", "kurusuntukmakan", "androbachtiar"], "retweet": []}, {"tweet_id": 1337702493493501953, "username": "novablyze", "likes": [], "retweet": []}, {"tweet_id": 1336683128476160001, "username": "novablyze", "likes": [], "retweet": []}, {"tweet_id": 1333248202565292032, "username": "novablyze", "likes": ["ariefkautsar", "blcknme", "hunghingdailo", "Sarasa_Sajiwa_S"], "retweet": []}, {"tweet_id": 1313295451794276353, "username": "novablyze", "likes": [], "retweet": []}, {"tweet_id": 1308231009222062080, "username": "novablyze", "likes": [], "retweet": []}, {"tweet_id": 1299778989356019712, "username": "novablyze", "likes": [], "retweet": []}, {"tweet_id": 1295042149583482880, "username": "novablyze", "likes": ["aguztachaynov"], "retweet": []}, {"tweet_id": 1292732187935006725, "username": "novablyze", "likes": [], "retweet": []}, {"tweet_id": 1290898982009540608, "username": "novablyze", "likes": ["sundelpolitik", "NashirMukminin", "nanda_setyan431", "semangka_kk"], "retweet": ["setyaadipurnomo"]}, {"tweet_id": 1346971583596752897, "username": "softliner242", "likes": [], "retweet": []}, {"tweet_id": 1336935570807824388, "username": "ejahaha", "likes": ["dewichane"], "retweet": []}, {"tweet_id": 1328678627001597953, "username": "ejahaha", "likes": [], "retweet": []}, {"tweet_id": 1328523524802187265, "username": "ejahaha", "likes": [], "retweet": []}, {"tweet_id": 1351369919783342081, "username": "clickbandung", "likes": ["Biano64", "b0ij0j0", "Igo_winata"], "retweet": ["seputaran_bdg", "b0ij0j0", "Igo_winata"]}, {"tweet_id": 1349904413364682752, "username": "clickbandung", "likes": ["Biano64", "luqman78", "RKmiddleeast"], "retweet": []}, {"tweet_id": 1349636362954186753, "username": "clickbandung", "likes": ["Yayat_Bebeb_"], "retweet": []}, {"tweet_id": 1349636013375725569, "username": "clickbandung", "likes": ["Biano64", "Yayat_Bebeb_", "ljwardani01", "PAjaweh"], "retweet": []}, {"tweet_id": 1349551874832171011, "username": "clickbandung", "likes": ["Yayat_Bebeb_", "Dyasvi_Ratna", "lord_sbt"], "retweet": ["gojekbeks", "ZoneVenomWar"]}, {"tweet_id": 1349551106980868096, "username": "clickbandung", "likes": ["pratamadhityar"], "retweet": []}, {"tweet_id": 1349516249248632832, "username": "clickbandung", "likes": ["drasidin"], "retweet": ["raflychalil", "Icahfirmansyah", "anggifatmah"]}, {"tweet_id": 1349280154644742147, "username": "clickbandung", "likes": ["Biano64", "drasidin", "Heroepoetranto", "dhaer23", "rizalkizul666", "iqbal_lana"], "retweet": ["ACEALIR89", "Aldoaria", "eka_tari"]}, {"tweet_id": 1349278814950494214, "username": "clickbandung", "likes": ["AsshiddiqMabrur", "PurwadinataEsti", "miebasoka1"], "retweet": []}, {"tweet_id": 1349191004759314432, "username": "clickbandung", "likes": ["BdgCmc", "PAjaweh"], "retweet": []}, {"tweet_id": 1349167676883488770, "username": "clickbandung", "likes": ["Biano64", "PAjaweh", "drasidin", "ashisicha", "Cikilays1"], "retweet": ["dedihermanto813"]}, {"tweet_id": 1345243709193900032, "username": "clickbandung", "likes": ["Dave_791985", "Biano64", "SmartSakti", "RKmiddleeast", "dhaer23", "aldimizwa_33", "Nyonyondh"], "retweet": ["zulsense", "echacha_ra", "SmartSakti", "Taikunja"]}, {"tweet_id": 1339133761099759616, "username": "clickbandung", "likes": [], "retweet": []}, {"tweet_id": 1339132100935471104, "username": "clickbandung", "likes": [], "retweet": []}, {"tweet_id": 1335809407590912001, "username": "clickbandung", "likes": [], "retweet": []}, {"tweet_id": 1335803871629701123, "username": "clickbandung", "likes": ["mamiekane"], "retweet": ["andiirwn_"]}, {"tweet_id": 1319487064908255237, "username": "clickbandung", "likes": [], "retweet": ["evimeti", "tawaibal"]}, {"tweet_id": 1311653103486201859, "username": "clickbandung", "likes": ["Waitressyoand"], "retweet": ["Aldoaria"]}, {"tweet_id": 1309331718524952578, "username": "clickbandung", "likes": ["KNumassage", "pejuangdolars", "tetanggakamuu", "Nyonyondh"], "retweet": ["tetanggakamuu"]}, {"tweet_id": 1301448531547308033, "username": "clickbandung", "likes": ["tetanggakamuu"], "retweet": ["Ronizukipurnama", "tetanggakamuu"]}, {"tweet_id": 1298415754912526336, "username": "clickbandung", "likes": [], "retweet": ["Setiadi"]}, {"tweet_id": 1298139131843813377, "username": "clickbandung", "likes": ["dedihermanto813"], "retweet": ["dedihermanto813"]}, {"tweet_id": 1290267202935906305, "username": "clickbandung", "likes": ["Biano64", "xolovelymasopai", "jiwanusantara87", "dkimy0102"], "retweet": []}, {"tweet_id": 1290157208974446593, "username": "clickbandung", "likes": ["sang_penyendiri"], "retweet": ["dedihermanto813"]}, {"tweet_id": 1334004590254071810, "username": "aomcakrapura", "likes": ["AaHermawan16", "Bella68710210", "MaryamM04135566"], "retweet": []}, {"tweet_id": 1351886643192479745, "username": "rickynsas", "likes": [], "retweet": []}, {"tweet_id": 1346032460623085569, "username": "rickynsas", "likes": ["Lamz48"], "retweet": []}, {"tweet_id": 1344904216628719619, "username": "rickynsas", "likes": [], "retweet": []}, {"tweet_id": 1343153217849344002, "username": "rickynsas", "likes": ["bintilbintil"], "retweet": []}, {"tweet_id": 1339154006178873344, "username": "rickynsas", "likes": ["myudiman"], "retweet": []}, {"tweet_id": 1339105545433673728, "username": "rickynsas", "likes": [], "retweet": []}, {"tweet_id": 1328724654618333186, "username": "rickynsas", "likes": [], "retweet": []}, {"tweet_id": 1326588974693904385, "username": "rickynsas", "likes": [], "retweet": []}, {"tweet_id": 1326049409142935552, "username": "rickynsas", "likes": [], "retweet": []}, {"tweet_id": 1325984789007007744, "username": "rickynsas", "likes": ["Irpanurdinn1"], "retweet": []}, {"tweet_id": 1325775743909949440, "username": "rickynsas", "likes": [], "retweet": []}, {"tweet_id": 1320008556314177536, "username": "rickynsas", "likes": ["ecy2612", "akur125", "WikeWok", "Derryrahadian", "WSoemardi", "ImanudinYandi", "dedyulinwae", "samuraizeta", "Coz_Wara", "IntanaArt", "flowerdimz", "tabahsemesta_", "ali4wd", "hari_noir", "Dewa43356857", "Ferry_Natapoera", "luqman78", "Randesya", "bmulyana16", "Denkuden", "IsmailHamzahS1", "lippie124", "sally_rw", "Soimah78386387", "Ades24891868", "mulyantara_g", "willymanjoer", "zamnurz"], "retweet": ["luqman78", "PRFMnews"]}, {"tweet_id": 1311807861270274049, "username": "rickynsas", "likes": ["ibobmz", "potemalate", "irakanda", "ventull_corexx"], "retweet": ["untieno", "evylagi"]}, {"tweet_id": 1300432811229290497, "username": "rickynsas", "likes": ["malhamahkubro"], "retweet": []}, {"tweet_id": 1296467976082919425, "username": "rickynsas", "likes": [], "retweet": []}, {"tweet_id": 1296046172587479042, "username": "rickynsas", "likes": ["myudiman", "ventull_corexx"], "retweet": ["eLganufa"]}, {"tweet_id": 1339239802638532611, "username": "adinary", "likes": [], "retweet": []}, {"tweet_id": 1336218384896126976, "username": "adinary", "likes": ["alfiyah96", "eriipurnomo"], "retweet": []}, {"tweet_id": 1349372687940927492, "username": "deffender13", "likes": [], "retweet": []}, {"tweet_id": 1349620342554206209, "username": "harry_soedyanto", "likes": [], "retweet": []}, {"tweet_id": 1346612009333268480, "username": "harry_soedyanto", "likes": [], "retweet": []}, {"tweet_id": 1338307120773607435, "username": "harry_soedyanto", "likes": [], "retweet": []}, {"tweet_id": 1350989609426165766, "username": "titiktitikblank", "likes": [], "retweet": []}, {"tweet_id": 1347113806065852418, "username": "titiktitikblank", "likes": [], "retweet": []}, {"tweet_id": 1342289814536667137, "username": "titiktitikblank", "likes": [], "retweet": []}, {"tweet_id": 1340270189468811264, "username": "titiktitikblank", "likes": [], "retweet": []}, {"tweet_id": 1340132157725949958, "username": "titiktitikblank", "likes": [], "retweet": []}, {"tweet_id": 1340130115720597506, "username": "titiktitikblank", "likes": [], "retweet": []}, {"tweet_id": 1339746227961823233, "username": "titiktitikblank", "likes": [], "retweet": []}, {"tweet_id": 1339512594671882243, "username": "titiktitikblank", "likes": ["Sijantes_Kribo"], "retweet": []}, {"tweet_id": 1337799222381273092, "username": "titiktitikblank", "likes": [], "retweet": []}, {"tweet_id": 1337783294415446016, "username": "titiktitikblank", "likes": [], "retweet": []}, {"tweet_id": 1333424472322232320, "username": "titiktitikblank", "likes": [], "retweet": []}, {"tweet_id": 1307601560910721025, "username": "titiktitikblank", "likes": [], "retweet": []}, {"tweet_id": 1339219305829810176, "username": "bondeng11", "likes": ["kartakusumah1"], "retweet": ["PRFMnews"]}]