[{"tweet_id": 1355446682335457281, "username": "prfmnews", "likes": ["wangyuenli_eu", "Ahmad_Syah222"], "retweet": []}, {"tweet_id": 1355049951516971009, "username": "prfmnews", "likes": [], "retweet": []}, {"tweet_id": 1354719054586548226, "username": "prfmnews", "likes": ["16d0b86fc26e44c"], "retweet": ["anggifatmah"]}, {"tweet_id": 1354697314951020547, "username": "prfmnews", "likes": ["R_Asriaulia", "Bagus_orang", "Dinda_dy19", "BAYU22675517"], "retweet": ["R_Asriaulia"]}, {"tweet_id": 1354606480570208260, "username": "prfmnews", "likes": [], "retweet": []}, {"tweet_id": 1354585138420535297, "username": "prfmnews", "likes": [], "retweet": []}, {"tweet_id": 1354579475732684804, "username": "prfmnews", "likes": ["bukanpakguru", "DickyPradnya", "Bandung_Dinkes"], "retweet": ["Bandung_Dinkes"]}, {"tweet_id": 1354398727847374852, "username": "prfmnews", "likes": [], "retweet": []}, {"tweet_id": 1354344838510989316, "username": "prfmnews", "likes": ["IndriGambung", "rollingeyesxio", "ebipatidolken"], "retweet": []}, {"tweet_id": 1354330797646340103, "username": "prfmnews", "likes": [], "retweet": []}, {"tweet_id": 1354324149922013184, "username": "prfmnews", "likes": [], "retweet": []}, {"tweet_id": 1354289514177421313, "username": "prfmnews", "likes": [], "retweet": []}, {"tweet_id": 1354288937531916288, "username": "prfmnews", "likes": [], "retweet": []}, {"tweet_id": 1354284756997791752, "username": "prfmnews", "likes": ["ardiardianto", "RidwanulHakim6", "Gaztro2", "WidaOktavia1"], "retweet": ["imankasep30", "_staywithGOD"]}, {"tweet_id": 1354270521664303106, "username": "prfmnews", "likes": [], "retweet": []}, {"tweet_id": 1354250536187432961, "username": "prfmnews", "likes": ["jimmywijaya07", "WidaOktavia1"], "retweet": ["baleendah_info", "dedihermanto813", "deffender13", "mfiyari", "PaulMcPenny"]}, {"tweet_id": 1354246542794715139, "username": "prfmnews", "likes": ["Rendikalanipra2"], "retweet": []}, {"tweet_id": 1354232161839144962, "username": "prfmnews", "likes": [], "retweet": []}, {"tweet_id": 1353966671430561792, "username": "prfmnews", "likes": [], "retweet": ["barkode46", "bang_egis"]}, {"tweet_id": 1353943666608410624, "username": "prfmnews", "likes": ["MamiY62", "SiskaAssidq", "tiarapascanov", "RKmiddleeast", "MuttaqinAhmad", "Bumi9802", "drasidin"], "retweet": ["mfiyari", "aganahmadf"]}, {"tweet_id": 1353198700474994689, "username": "prfmnews", "likes": ["b0ij0j0", "r_firmansyahhh"], "retweet": ["b0ij0j0"]}, {"tweet_id": 1353157518093021184, "username": "prfmnews", "likes": ["YusupAndry1", "Biano64", "PAjaweh"], "retweet": ["ketanminis", "matsui03"]}, {"tweet_id": 1352766620905611264, "username": "prfmnews", "likes": ["asepahadi"], "retweet": ["barkode46", "titiktitikblank"]}, {"tweet_id": 1352498189069242375, "username": "prfmnews", "likes": [], "retweet": []}, {"tweet_id": 1352454047098257411, "username": "prfmnews", "likes": ["auliajoula", "wongkamfungs", "IwanIwancoy5200", "PantauJuru", "ariesman_tea", "chewbaacaa", "nabiel_ismail", "luqman78", "Almarajah", "ObisJay", "pitungtulungan", "yoyosunarya94", "hanipahlestari2", "kanidabilang", "wenndaaa", "Rambo23629648", "WidaOktavia1", "iffaaa345", "MrRizkySr1"], "retweet": ["pitungtulungan", "Almarajah", "cyrawords", "auliajoula", "donmametoss", "anggifatmah", "ogrutt", "amnamuhajir", "FahdianAG", "akuaduy"]}, {"tweet_id": 1352228269207085056, "username": "prfmnews", "likes": ["cucusuryana_"], "retweet": []}, {"tweet_id": 1352197775430017026, "username": "prfmnews", "likes": ["Alinggabuana_", "adi_sumartoyo"], "retweet": []}, {"tweet_id": 1351837779873861632, "username": "prfmnews", "likes": [], "retweet": []}, {"tweet_id": 1351765802383392768, "username": "prfmnews", "likes": ["Biano64", "Igo_winata", "dwiatmulyani"], "retweet": ["yogasulistio"]}, {"tweet_id": 1351678666942541824, "username": "prfmnews", "likes": ["Biano64"], "retweet": []}, {"tweet_id": 1351414354164346883, "username": "prfmnews", "likes": ["WikeWok", "Biji_koaci", "Biano64", "BroadcastDOTid", "giaontweet"], "retweet": ["sitiatauemma", "barkode46", "99Ufk", "rosvalino", "giaontweet", "seputaran_bdg", "dikiahmad517", "kurniatibudiman"]}, {"tweet_id": 1351026730237104130, "username": "prfmnews", "likes": ["NirwanM3"], "retweet": []}, {"tweet_id": 1350684144821407744, "username": "prfmnews", "likes": ["YaniHerlina6", "MamiY62", "ninannksmwt", "astro_rizki", "cucusuryana_", "WidaOktavia1", "b0ij0j0", "Biano64", "Kusumah94841006", "PAjaweh", "KangDonna1", "168udi", "Iisyntii", "Awang24901008"], "retweet": ["asfarihr"]}, {"tweet_id": 1350658178833293316, "username": "prfmnews", "likes": ["MartinParlindu1"], "retweet": ["anthontrip", "baleendah_info"]}, {"tweet_id": 1350600736208351234, "username": "prfmnews", "likes": [], "retweet": []}, {"tweet_id": 1350590695937961986, "username": "prfmnews", "likes": ["devyseptiyanti", "liem_jaya"], "retweet": ["abdiagoes91", "barkode46", "BagusRTNews", "Ujang_Emul", "RTikey"]}, {"tweet_id": 1350330815184441344, "username": "prfmnews", "likes": ["MamiY62", "LebdoB", "luqman78", "Biano64", "sidoddo", "banyu_k08", "suryawanhendri", "168udi", "Rendikalanipra2", "ariesman_tea", "BambangPriyand2"], "retweet": ["168udi", "suryawanhendri", "BagusRTNews"]}, {"tweet_id": 1349971085756780546, "username": "prfmnews", "likes": ["RKmiddleeast"], "retweet": []}, {"tweet_id": 1349939294761205761, "username": "prfmnews", "likes": ["Biano64", "KangDonna1"], "retweet": ["sitiatauemma"]}, {"tweet_id": 1349933915792760834, "username": "prfmnews", "likes": [], "retweet": []}, {"tweet_id": 1349933022749986820, "username": "prfmnews", "likes": [], "retweet": []}, {"tweet_id": 1349900077922349058, "username": "prfmnews", "likes": ["tanda_tannya", "HADIATSUPRIATN2", "Biji_koaci"], "retweet": ["TediTesu", "baleendah_info", "sanybachtiar"]}, {"tweet_id": 1349890661403660291, "username": "prfmnews", "likes": ["Biano64"], "retweet": []}, {"tweet_id": 1349683590607499265, "username": "prfmnews", "likes": ["cucusuryana_", "banyu_k08"], "retweet": []}, {"tweet_id": 1349592567306805249, "username": "prfmnews", "likes": ["cepwiditea"], "retweet": ["dedihermanto813", "baleendah_info"]}, {"tweet_id": 1349582082574491649, "username": "prfmnews", "likes": ["Nafisah_aaa", "unyur6"], "retweet": []}, {"tweet_id": 1349542497370816513, "username": "prfmnews", "likes": ["exoxwao", "Biano64"], "retweet": []}, {"tweet_id": 1349535885675532288, "username": "prfmnews", "likes": ["Alinggabuana_", "NCJudyono", "WidaOktavia1", "ramyeonuwuh", "BangHarun13", "Biano64", "PAjaweh", "AdipatiJulian22", "drasidin", "Awang24901008"], "retweet": ["BangHarun13", "anggifatmah", "seputaran_bdg"]}, {"tweet_id": 1349534128903917568, "username": "prfmnews", "likes": ["NianHilman", "indrafauzilec", "citizenofnimbin"], "retweet": ["mrs_enci", "Icahfirmansyah"]}, {"tweet_id": 1349533300205920257, "username": "prfmnews", "likes": ["Kirey46720072"], "retweet": []}, {"tweet_id": 1349529991814418434, "username": "prfmnews", "likes": ["azkariverside", "cepuba808", "WidaOktavia1", "idanduloh_", "anjas_asyari1", "PJabar73", "168udi", "asepodang69", "Lamz48", "giaontweet", "Bagus_orang", "asungkono", "taufiki15444431", "sheanyyas", "abdhmd75", "_Gagan_Algarni_"], "retweet": ["AndikaaRafi", "DiraPrajna", "mfachrip_", "rinoxrino", "giaontweet", "mhaikalfadhil", "168udi", "_Gagan_Algarni_"]}, {"tweet_id": 1349512404481163265, "username": "prfmnews", "likes": ["drasidin"], "retweet": []}, {"tweet_id": 1349508695672033280, "username": "prfmnews", "likes": ["b0ij0j0"], "retweet": []}, {"tweet_id": 1349346397036838913, "username": "prfmnews", "likes": ["kuranginmakan", "168udi", "Omsetit"], "retweet": ["168udi"]}, {"tweet_id": 1349334882669916160, "username": "prfmnews", "likes": ["Omsetit", "Nabilaa06646852"], "retweet": []}, {"tweet_id": 1349331458196791296, "username": "prfmnews", "likes": ["Romdhona", "Egiut", "Arfwicakkk", "RKmiddleeast"], "retweet": []}, {"tweet_id": 1349329455676755968, "username": "prfmnews", "likes": ["MamiY62", "Kirey46720072", "Biano64", "RKmiddleeast"], "retweet": ["Bams_1eng"]}, {"tweet_id": 1349308687072968704, "username": "prfmnews", "likes": [], "retweet": []}, {"tweet_id": 1349308543468404736, "username": "prfmnews", "likes": ["MamiY62", "isanniggah", "BangHarun13", "sandingbayu"], "retweet": ["BangHarun13", "RKmiddleeast"]}, {"tweet_id": 1349269530250420226, "username": "prfmnews", "likes": [], "retweet": ["baleendah_info"]}, {"tweet_id": 1349248205175681025, "username": "prfmnews", "likes": [], "retweet": ["sikecilmarmut"]}, {"tweet_id": 1349239930711494656, "username": "prfmnews", "likes": ["isanniggah", "anjas_asyari1", "nardy_nt", "unyur6", "DiredjaRahmat", "ademulz", "AgustineEquity", "RTikey", "Yadi28975266", "Omsetit", "bie182barker", "ria_sofiyariya", "lawudwipangga", "rosvalino", "adamaropah", "otongjason", "iirfaan24", "Awang24901008", "rendi_gunawan87", "senjaya32", "Arumi_lucu", "rere_milan", "SranaEng", "HADIATSUPRIATN2", "wiraga9", "YaniHerlina6", "maydivaca", "ThisIsMahargian", "iffaaa345", "PAjaweh", "moihananim", "sandingbayu", "KangDonna1", "MIT_PSbg", "n_jatilesmana"], "retweet": ["duddydudung", "D4N_Like19", "BagusRTNews", "rizkaaputty", "hendrawae88", "agilzamaroon", "hyvaikal", "ssd0027", "Icahfirmansyah"]}, {"tweet_id": 1349227122384986113, "username": "prfmnews", "likes": ["MamiY62", "wildauwie", "iffaaa345", "yudiirahman", "RTikey"], "retweet": []}, {"tweet_id": 1349221624357081089, "username": "prfmnews", "likes": ["MSaepulmubarok"], "retweet": []}, {"tweet_id": 1349216261721391105, "username": "prfmnews", "likes": ["Kirey46720072", "mfikri45", "devy6287", "RKmiddleeast"], "retweet": []}, {"tweet_id": 1349198134400876547, "username": "prfmnews", "likes": [], "retweet": []}, {"tweet_id": 1349195559085621251, "username": "prfmnews", "likes": [], "retweet": []}, {"tweet_id": 1349189817595138048, "username": "prfmnews", "likes": ["MamiY62", "isanniggah", "dicky_sukmahadi", "HRismaya", "ynilie", "PAjaweh", "batubelah18", "ardiardianto"], "retweet": ["Sugiyan17866402", "viomuneeiz"]}, {"tweet_id": 1349180523155841027, "username": "prfmnews", "likes": ["MamiY62", "168udi", "ipeysuhara13", "36Iws"], "retweet": ["168udi"]}, {"tweet_id": 1349177495963136000, "username": "prfmnews", "likes": ["168udi"], "retweet": ["gelarlarge"]}, {"tweet_id": 1349156276069036032, "username": "prfmnews", "likes": ["Biano64", "HADIATSUPRIATN2"], "retweet": []}, {"tweet_id": 1349146729543684097, "username": "prfmnews", "likes": ["Gunawan_SE2230", "Biano64", "ZakieRivaldi", "rollingeyesxio"], "retweet": ["ZakieRivaldi"]}, {"tweet_id": 1348568709095329793, "username": "prfmnews", "likes": [], "retweet": []}, {"tweet_id": 1348562022124851200, "username": "prfmnews", "likes": ["isanniggah"], "retweet": ["chorzkie"]}, {"tweet_id": 1348543944993382404, "username": "prfmnews", "likes": ["megagandew"], "retweet": []}, {"tweet_id": 1347852871635636224, "username": "prfmnews", "likes": ["kakiikakio"], "retweet": ["HusenRR"]}, {"tweet_id": 1347538863380525057, "username": "prfmnews", "likes": ["Igo_winata"], "retweet": []}, {"tweet_id": 1347487220156928003, "username": "prfmnews", "likes": ["RKmiddleeast"], "retweet": []}, {"tweet_id": 1347459712246157312, "username": "prfmnews", "likes": ["alvinna23"], "retweet": ["gundulmucukk", "uwaegy"]}, {"tweet_id": 1347144710960209922, "username": "prfmnews", "likes": ["si_bony"], "retweet": []}, {"tweet_id": 1347122648916979719, "username": "prfmnews", "likes": [], "retweet": ["yz12793", "oktdw"]}, {"tweet_id": 1347090697384431620, "username": "prfmnews", "likes": ["barkode46", "CrewErvin"], "retweet": ["barkode46"]}, {"tweet_id": 1347072110791856129, "username": "prfmnews", "likes": [], "retweet": ["suryawanhendri"]}, {"tweet_id": 1347033129534455809, "username": "prfmnews", "likes": [], "retweet": ["bondeng11"]}, {"tweet_id": 1346775013580365828, "username": "prfmnews", "likes": ["radityarvan"], "retweet": ["zamnurz"]}, {"tweet_id": 1346726496765820931, "username": "prfmnews", "likes": ["sitiatauemma"], "retweet": ["GiazkydewiRatih"]}, {"tweet_id": 1346714419204526088, "username": "prfmnews", "likes": ["barkode46", "ramskeyz", "tris_bdg", "apifh1"], "retweet": ["tris_bdg"]}, {"tweet_id": 1346708992882401280, "username": "prfmnews", "likes": ["Kec_Cidadap"], "retweet": []}, {"tweet_id": 1346682070597136385, "username": "prfmnews", "likes": [], "retweet": ["aang_ahan"]}, {"tweet_id": 1346671916862513152, "username": "prfmnews", "likes": ["Kevinandre72", "iffaaa345", "Trie_kaka", "indri_wjy83"], "retweet": ["RickyNSas", "chandrachevz10", "titiktitikblank", "stereogenic"]}, {"tweet_id": 1346671873740873728, "username": "prfmnews", "likes": [], "retweet": []}, {"tweet_id": 1346661247584854016, "username": "prfmnews", "likes": ["Biano64"], "retweet": []}, {"tweet_id": 1346637669015584769, "username": "prfmnews", "likes": ["ANDRIHMW", "Derajatm", "exoxwao", "rahadianruviant"], "retweet": ["anggifatmah"]}, {"tweet_id": 1346472173725106178, "username": "prfmnews", "likes": [], "retweet": ["BagusRTNews"]}, {"tweet_id": 1346468588249464832, "username": "prfmnews", "likes": [], "retweet": ["barkode46", "yudayuds"]}, {"tweet_id": 1346437834689761280, "username": "prfmnews", "likes": ["r_firmansyahhh", "rollingeyesxio"], "retweet": ["giaontweet"]}, {"tweet_id": 1346394844869009409, "username": "prfmnews", "likes": [], "retweet": ["sumberjaya2014"]}, {"tweet_id": 1346393385100169219, "username": "prfmnews", "likes": [], "retweet": ["adinary"]}, {"tweet_id": 1346352750318166021, "username": "prfmnews", "likes": [], "retweet": []}, {"tweet_id": 1346331351029403648, "username": "prfmnews", "likes": ["Biano64"], "retweet": []}, {"tweet_id": 1346083578686308355, "username": "prfmnews", "likes": [], "retweet": []}, {"tweet_id": 1345973451849273344, "username": "prfmnews", "likes": ["iffaaa345"], "retweet": []}, {"tweet_id": 1345742259136839683, "username": "prfmnews", "likes": ["mlsmkrnm", "istilageni", "NL_nurdianii"], "retweet": ["duddydudung"]}, {"tweet_id": 1345660137109741568, "username": "prfmnews", "likes": ["Gilang79", "Dmrmks", "me_Merla"], "retweet": ["raflychalil"]}, {"tweet_id": 1345649625106063360, "username": "prfmnews", "likes": [], "retweet": ["zamnurz"]}, {"tweet_id": 1345163440977895424, "username": "prfmnews", "likes": ["icecoldhazelnut", "gani0506", "rs_restu", "liem_jaya", "Wizz124", "eddie_rahper", "grodokers", "luqman78", "tantann_27", "dheniema", "brizkyr", "lupilope", "indraL_58", "kodent", "Tru3Love1", "MuhammadAab7", "yusups92", "kakarindingan", "OtongCokro", "wulansoetarso"], "retweet": ["fynjoana", "bang_obet_", "baleendah_info", "Tru3Love1", "dheniema", "luqman78", "FarizMohammed", "Lindajaasiel", "arifnurdintoA", "sayasiapahayoh", "Noona26949234", "bizanthy", "megyptprtm", "suryawanhendri", "Iisyntii"]}, {"tweet_id": 1344982882264092672, "username": "prfmnews", "likes": ["aademsari", "Didit_Benk", "novablyze", "apaadanyaweh", "radiretro", "Noona26949234", "arsyanitaa", "heryadihari", "movicgu", "TqPansy", "sehaluitu"], "retweet": ["dzivara", "Noona26949234", "mfiyari", "heryadihari", "suryawanhendri", "kebakar45", "bondeng11"]}, {"tweet_id": 1344919267209224192, "username": "prfmnews", "likes": [], "retweet": ["anggifatmah"]}, {"tweet_id": 1344886567098204160, "username": "prfmnews", "likes": ["JadiSultra"], "retweet": []}, {"tweet_id": 1344831701625708545, "username": "prfmnews", "likes": ["Biano64", "rollingeyesxio"], "retweet": ["mfiyari"]}, {"tweet_id": 1344612905027735552, "username": "prfmnews", "likes": ["estananto", "AbaPupung"], "retweet": []}, {"tweet_id": 1344531082272620544, "username": "prfmnews", "likes": ["ikiaracondong_", "cyrawords"], "retweet": []}, {"tweet_id": 1344121910934695939, "username": "prfmnews", "likes": [], "retweet": []}, {"tweet_id": 1344116819800387586, "username": "prfmnews", "likes": [], "retweet": []}, {"tweet_id": 1343905099219812354, "username": "prfmnews", "likes": ["ZakieRivaldi", "Muhamma45665778"], "retweet": ["anggifatmah", "ZakieRivaldi"]}, {"tweet_id": 1343902459702378496, "username": "prfmnews", "likes": ["bolinkzfmark", "emi_apete", "yayan_hellboy"], "retweet": []}, {"tweet_id": 1343755558973702144, "username": "prfmnews", "likes": [], "retweet": ["dudepanai"]}, {"tweet_id": 1343511882825564165, "username": "prfmnews", "likes": ["te_ye_a_es"], "retweet": ["tualang", "bondeng11"]}, {"tweet_id": 1342462362305978369, "username": "prfmnews", "likes": [], "retweet": []}, {"tweet_id": 1341640933217951746, "username": "prfmnews", "likes": ["Biano64"], "retweet": []}, {"tweet_id": 1341569372653985793, "username": "prfmnews", "likes": ["irwan52763721", "mtaufikmirzan"], "retweet": ["mtaufikmirzan"]}, {"tweet_id": 1341367302852210696, "username": "prfmnews", "likes": [], "retweet": []}, {"tweet_id": 1340534800487071745, "username": "prfmnews", "likes": [], "retweet": ["zamnurz"]}, {"tweet_id": 1339921393333334018, "username": "prfmnews", "likes": ["JokoNug14050979", "softliner242", "isanniggah"], "retweet": ["baleendah_info", "titiktitikblank"]}, {"tweet_id": 1339848266993655809, "username": "prfmnews", "likes": ["ARNOLD211D", "Rendikalanipra2", "MamiY62"], "retweet": ["BagusRTNews"]}, {"tweet_id": 1339828322864230400, "username": "prfmnews", "likes": [], "retweet": []}, {"tweet_id": 1339581983555371014, "username": "prfmnews", "likes": [], "retweet": []}, {"tweet_id": 1339560868418228224, "username": "prfmnews", "likes": [], "retweet": []}, {"tweet_id": 1339447177454600196, "username": "prfmnews", "likes": [], "retweet": []}, {"tweet_id": 1339383066486161409, "username": "prfmnews", "likes": [], "retweet": []}, {"tweet_id": 1339377591539515393, "username": "prfmnews", "likes": [], "retweet": ["fasya_fakhrusy"]}, {"tweet_id": 1339374280308449282, "username": "prfmnews", "likes": ["ds081198sg_move"], "retweet": []}, {"tweet_id": 1339215409099128832, "username": "prfmnews", "likes": [], "retweet": ["infojatinangor"]}, {"tweet_id": 1339213824612737025, "username": "prfmnews", "likes": [], "retweet": ["ekirmdn"]}, {"tweet_id": 1339124137529204737, "username": "prfmnews", "likes": ["rickdeniro", "JoeDynto", "dicky_sukmahadi", "novablyze", "aganMaMaN"], "retweet": []}, {"tweet_id": 1339112851235991552, "username": "prfmnews", "likes": ["tantra_eko", "okituratula", "TanpaNam48", "sukauke", "supriyadi3i", "nardy_nt", "duh15585108", "hizrinaw", "giaontweet", "chandrakrisnadi", "GoldenDragon89", "terkinibandungg", "hanysefitriani", "AndyIra21942068", "agusgusano", "eka_harijanto", "Ian1981Doanx", "Vickry85660270", "agiLgieL", "cepwiditea", "iirfaan24", "softliner242", "Awang24901008", "sindyagustin61", "citanabilla", "megaprawardani", "mutipung", "ghnmry_", "Bagus_orang", "kang_uca", "fristlye23010", "echibot", "tisnabastara", "fitrinrlhakim", "a_552pvhi", "PAjaweh", "rizckykurnia94"], "retweet": ["yosianayo", "rully2020PhD", "giaontweet", "kikilgabut", "duddydudung", "innuuuuuuu", "silvipii", "2omeo", "ZakieRivaldi", "rinoxrino", "agiLgieL", "dadankartiwa", "widyanurr", "dani__putra", "fristlye23010", "yoszalvarez", "triitriana", "danistwan", "andifaisals", "rezamalee", "hadianakurnia", "ardanaf"]}, {"tweet_id": 1339095178351525890, "username": "prfmnews", "likes": [], "retweet": []}, {"tweet_id": 1339001638439153664, "username": "prfmnews", "likes": ["ramyeonuwuh", "Biano64", "RKmiddleeast"], "retweet": ["RKmiddleeast"]}, {"tweet_id": 1338704027928809473, "username": "prfmnews", "likes": [], "retweet": []}, {"tweet_id": 1338499345050583042, "username": "prfmnews", "likes": ["IndraVexed", "BangGodham"], "retweet": ["ttorroo", "BangGodham"]}, {"tweet_id": 1338395355738591232, "username": "prfmnews", "likes": [], "retweet": []}, {"tweet_id": 1338058430515277826, "username": "prfmnews", "likes": [], "retweet": []}, {"tweet_id": 1338058318359642112, "username": "prfmnews", "likes": ["luqman78", "DonjuanX8", "meowpuff8699"], "retweet": []}, {"tweet_id": 1337996269072035840, "username": "prfmnews", "likes": [], "retweet": []}, {"tweet_id": 1337977110405627906, "username": "prfmnews", "likes": ["luttfifatah", "leadarmayani", "ashepmillan", "raihanalipp", "Luthfi409", "rizalferdians11", "Ujocs"], "retweet": ["dwiciptobn"]}, {"tweet_id": 1337776268771614720, "username": "prfmnews", "likes": ["suwar_sono", "UsmanAsgar5", "ZakieRivaldi", "Awang24901008"], "retweet": ["ZakieRivaldi", "ReniIryani"]}, {"tweet_id": 1337768601558761472, "username": "prfmnews", "likes": ["suwar_sono"], "retweet": []}, {"tweet_id": 1337724015557763072, "username": "prfmnews", "likes": [], "retweet": ["BagusRTNews"]}, {"tweet_id": 1336947574524153858, "username": "prfmnews", "likes": ["mariyanti_ine", "BangHarun13", "giaontweet", "hannyjessica", "rooodssurya", "Ramdhaniyopi99"], "retweet": ["BangHarun13", "giaontweet", "indra_comrades"]}, {"tweet_id": 1336934931671367680, "username": "prfmnews", "likes": ["MamiY62", "MIT_PSbg", "brizkyr"], "retweet": []}, {"tweet_id": 1336575786518601728, "username": "prfmnews", "likes": ["YaniHerlina6", "kichakicho"], "retweet": ["BagusRTNews"]}, {"tweet_id": 1336323648735481861, "username": "prfmnews", "likes": [], "retweet": ["99Ufk"]}, {"tweet_id": 1336182009312342018, "username": "prfmnews", "likes": ["RudiKur96323811"], "retweet": []}, {"tweet_id": 1336151521851891717, "username": "prfmnews", "likes": [], "retweet": []}, {"tweet_id": 1336126978886234112, "username": "prfmnews", "likes": [], "retweet": []}, {"tweet_id": 1335949304859566083, "username": "prfmnews", "likes": ["Asw27262735", "Biano64", "RudiKur96323811"], "retweet": []}, {"tweet_id": 1335864015289864193, "username": "prfmnews", "likes": ["bapapeok"], "retweet": []}, {"tweet_id": 1335855285492011008, "username": "prfmnews", "likes": ["ZakieRivaldi"], "retweet": ["ZakieRivaldi"]}, {"tweet_id": 1335820856098836480, "username": "prfmnews", "likes": ["ejahaha"], "retweet": []}, {"tweet_id": 1335803620848070656, "username": "prfmnews", "likes": ["MamiY62", "ZakieRivaldi", "affendi90072188"], "retweet": ["ZakieRivaldi"]}, {"tweet_id": 1335776091118583810, "username": "prfmnews", "likes": ["JoeDynto"], "retweet": []}, {"tweet_id": 1335765650472542211, "username": "prfmnews", "likes": ["dkimy0102", "MinnoSutrisno"], "retweet": []}, {"tweet_id": 1335764440260648963, "username": "prfmnews", "likes": ["siel88"], "retweet": []}, {"tweet_id": 1335601852310716416, "username": "prfmnews", "likes": ["MamiY62", "nirwikaraa", "Biano64", "PAjaweh", "RpaiBandung", "siel88", "ClickBandung", "hannyjessica", "cakuecokelat", "YurisCaneta", "_Gagan_Algarni_"], "retweet": ["yebe____", "itsitin"]}, {"tweet_id": 1335447428988747776, "username": "prfmnews", "likes": ["JoeDynto"], "retweet": []}, {"tweet_id": 1335186825791426561, "username": "prfmnews", "likes": ["Laeparbada"], "retweet": []}, {"tweet_id": 1335148824063447040, "username": "prfmnews", "likes": ["AlbertMP2068", "Rendikalanipra2"], "retweet": []}, {"tweet_id": 1334773097178693633, "username": "prfmnews", "likes": ["Igo_winata", "dwiindra2210", "netiteanet", "cepirfan", "ria_sofiyariya", "AchmadWiria", "istilageni", "Erfinudin", "sandingbayu", "Kameeenrider"], "retweet": ["giaontweet", "Igo_winata"]}, {"tweet_id": 1334404014146916353, "username": "prfmnews", "likes": ["deniareef", "drasidin"], "retweet": []}, {"tweet_id": 1334018962665873409, "username": "prfmnews", "likes": ["53P_1924", "rohendi74", "Ferry_Wachjudi", "juraontherun", "istilageni", "NcuhiRiwo", "wazengoki", "Ifungs", "Artemizz_"], "retweet": ["syahhid", "ugahaaa", "bude_srie", "alanesia", "imankurniawan", "deffender13", "Artemizz_"]}, {"tweet_id": 1333924856774098944, "username": "prfmnews", "likes": ["DadanHam1823"], "retweet": []}, {"tweet_id": 1333587532387217408, "username": "prfmnews", "likes": [], "retweet": []}, {"tweet_id": 1333416201037385728, "username": "prfmnews", "likes": ["HADIATSUPRIATN2"], "retweet": []}, {"tweet_id": 1331926950244278274, "username": "prfmnews", "likes": ["TazkyaAgustin"], "retweet": ["pawerpuffgurl"]}, {"tweet_id": 1331397834994712578, "username": "prfmnews", "likes": [], "retweet": []}, {"tweet_id": 1330817558438580227, "username": "prfmnews", "likes": ["septiadhiw"], "retweet": []}, {"tweet_id": 1329965950569914368, "username": "prfmnews", "likes": [], "retweet": ["oktdw"]}, {"tweet_id": 1329445186942988299, "username": "prfmnews", "likes": ["bagaas_hermawan", "MohTholib6", "FaisalZaini0411"], "retweet": ["bagaas_hermawan", "FaisalZaini0411"]}, {"tweet_id": 1329378912296599552, "username": "prfmnews", "likes": [], "retweet": []}, {"tweet_id": 1329310443102380032, "username": "prfmnews", "likes": ["drasidin"], "retweet": []}, {"tweet_id": 1329057338934771714, "username": "prfmnews", "likes": ["rosvalino", "ctoohan", "HADIATSUPRIATN2", "drasidin", "Awang24901008"], "retweet": []}, {"tweet_id": 1328675468170514434, "username": "prfmnews", "likes": ["PAjaweh"], "retweet": []}, {"tweet_id": 1328128035908767744, "username": "prfmnews", "likes": [], "retweet": []}, {"tweet_id": 1327240619379490818, "username": "prfmnews", "likes": ["mtaufikmJKT48"], "retweet": ["mtaufikmJKT48", "BangHarun13", "adinary"]}, {"tweet_id": 1326797299289190401, "username": "prfmnews", "likes": ["esvite__", "LellyAstrilia"], "retweet": ["esvite__"]}, {"tweet_id": 1325806851250774016, "username": "prfmnews", "likes": ["IwanIwancoy5200", "AchmadWiria", "HADIATSUPRIATN2", "firmanmaliki3"], "retweet": []}, {"tweet_id": 1325048552167415810, "username": "prfmnews", "likes": [], "retweet": []}, {"tweet_id": 1324243184415768578, "username": "prfmnews", "likes": ["RudiKur96323811"], "retweet": ["khoceng_gurun"]}, {"tweet_id": 1323546186574225409, "username": "prfmnews", "likes": ["miebasoka1", "danielbekok", "PAjaweh", "YsfRsha29", "tifanyalya", "myalterna", "Awang24901008"], "retweet": ["venysilvia", "thanksindomie", "ketanminis", "baleendah_info"]}, {"tweet_id": 1321837210606333952, "username": "prfmnews", "likes": ["Callme_bunn"], "retweet": []}, {"tweet_id": 1321820201785073664, "username": "prfmnews", "likes": [], "retweet": []}, {"tweet_id": 1320753470324887553, "username": "prfmnews", "likes": ["DodoyMang", "BangHarun13", "Biano64", "suryawanhendri"], "retweet": ["BangHarun13"]}, {"tweet_id": 1320246288156246016, "username": "prfmnews", "likes": [], "retweet": ["baleendah_info", "dedihermanto813", "Harry_Soedyanto", "alanesia"]}, {"tweet_id": 1320200210253897728, "username": "prfmnews", "likes": ["Elis_irmawati_", "Dhiean_Zya", "BangHarun13", "adul_abid", "AomCakrapura", "zimbabwedriver", "hadisolehudin"], "retweet": ["AkunmuDek", "BangHarun13", "aabagoy", "BagusRTNews", "Arif_Bijksn"]}, {"tweet_id": 1320025423292424192, "username": "prfmnews", "likes": ["rachmat_bon279"], "retweet": []}, {"tweet_id": 1320008241196101632, "username": "prfmnews", "likes": ["Senris1", "kangrefi", "Fajarsidik6751", "wikuik", "emi_apete", "BangHarun13", "Biano64", "heryancr", "naufal17aziz", "deynarazy", "nierw4n4", "miftah_abdi", "nurjaman26", "Callme_bunn", "whatever2710"], "retweet": ["BangHarun13", "naufal17aziz", "Fariizdwiii", "RickyNSas"]}, {"tweet_id": 1319952783789887489, "username": "prfmnews", "likes": ["ejahaha", "BangHarun13", "HADIATSUPRIATN2", "RadenBagusElang"], "retweet": ["BangHarun13"]}, {"tweet_id": 1319891246177943553, "username": "prfmnews", "likes": ["IndriGambung", "feriferrdiana"], "retweet": ["sanybachtiar"]}, {"tweet_id": 1319604718327394304, "username": "prfmnews", "likes": [], "retweet": []}, {"tweet_id": 1319519072984297472, "username": "prfmnews", "likes": ["BangHarun13", "ardiardianto"], "retweet": ["BangHarun13"]}, {"tweet_id": 1319503578071875584, "username": "prfmnews", "likes": ["BangHarun13"], "retweet": ["BangHarun13"]}, {"tweet_id": 1319448492952055808, "username": "prfmnews", "likes": [], "retweet": []}, {"tweet_id": 1319440234392608768, "username": "prfmnews", "likes": ["BangHarun13", "C5IrnaSari"], "retweet": ["BangHarun13"]}, {"tweet_id": 1319188488185499648, "username": "prfmnews", "likes": [], "retweet": []}, {"tweet_id": 1318812076031176704, "username": "prfmnews", "likes": [], "retweet": []}, {"tweet_id": 1318730629291204608, "username": "prfmnews", "likes": ["ArifRid76547484", "ellaajah8", "itsitin", "BangHarun13", "iffaaa345", "Kusumah94841006", "asungkono", "C5IrnaSari", "NoorRafialdhi", "HADIATSUPRIATN2", "yooooots", "Awang24901008"], "retweet": ["BangHarun13", "baleendah_info", "mfiyari", "Harry_Soedyanto"]}, {"tweet_id": 1318709738826211328, "username": "prfmnews", "likes": ["ademulz"], "retweet": ["mfiyari"]}, {"tweet_id": 1318157128419266562, "username": "prfmnews", "likes": ["BangHarun13", "ohnanaohrara"], "retweet": ["BangHarun13"]}, {"tweet_id": 1318135020746285056, "username": "prfmnews", "likes": ["BangHarun13"], "retweet": ["BangHarun13"]}, {"tweet_id": 1318099798872920064, "username": "prfmnews", "likes": [], "retweet": []}, {"tweet_id": 1318089183248879616, "username": "prfmnews", "likes": ["BangHarun13", "PKM_Pasundan"], "retweet": ["DoniOdonay", "BangHarun13", "itsitin"]}, {"tweet_id": 1318083986632044544, "username": "prfmnews", "likes": [], "retweet": []}, {"tweet_id": 1318060303544848386, "username": "prfmnews", "likes": ["BangHarun13", "AndyIra21942068"], "retweet": ["BangHarun13"]}, {"tweet_id": 1317357935937253376, "username": "prfmnews", "likes": [], "retweet": []}, {"tweet_id": 1317341505573416961, "username": "prfmnews", "likes": ["BangHarun13", "Callme_bunn"], "retweet": ["BangHarun13"]}, {"tweet_id": 1317326540997238784, "username": "prfmnews", "likes": ["BangHarun13", "ZakieRivaldi"], "retweet": ["BangHarun13", "ZakieRivaldi"]}, {"tweet_id": 1316984187417776128, "username": "prfmnews", "likes": [], "retweet": []}, {"tweet_id": 1316699412496699392, "username": "prfmnews", "likes": ["BangHarun13", "Marine_ramdhani"], "retweet": ["BangHarun13"]}, {"tweet_id": 1316576161225306112, "username": "prfmnews", "likes": [], "retweet": ["miftah_erisman"]}, {"tweet_id": 1314839039606833153, "username": "prfmnews", "likes": ["BangHarun13"], "retweet": ["BangHarun13"]}, {"tweet_id": 1314796571221921792, "username": "prfmnews", "likes": [], "retweet": []}, {"tweet_id": 1314226443577032704, "username": "prfmnews", "likes": ["BangHarun13", "oporblackpepper", "sandingbayu", "mlsmkrnm", "drasidin"], "retweet": ["BangHarun13", "oporblackpepper", "dezoelp", "titiktitikblank", "rezza_gozlag"]}, {"tweet_id": 1311518193727406083, "username": "prfmnews", "likes": [], "retweet": []}, {"tweet_id": 1311267974116864001, "username": "prfmnews", "likes": ["Cepdedenk"], "retweet": []}, {"tweet_id": 1308318330038616067, "username": "prfmnews", "likes": ["luqman78", "Sinovac_Pearson"], "retweet": ["ARNOLD211D", "luqman78"]}, {"tweet_id": 1304327249739436033, "username": "prfmnews", "likes": [], "retweet": ["ARNOLD211D", "Ontaaa", "nana9apple"]}, {"tweet_id": 1303849494765731840, "username": "prfmnews", "likes": [], "retweet": []}, {"tweet_id": 1303141456249462785, "username": "prfmnews", "likes": ["Biano64"], "retweet": []}, {"tweet_id": 1300627481150369792, "username": "prfmnews", "likes": [], "retweet": ["alienveben_r"]}, {"tweet_id": 1299287624172019713, "username": "prfmnews", "likes": ["chorzkie", "yudiirahman", "drasidin"], "retweet": ["sirartesa"]}, {"tweet_id": 1298190364235325441, "username": "prfmnews", "likes": ["ginson505"], "retweet": []}, {"tweet_id": 1298158418717364225, "username": "prfmnews", "likes": [], "retweet": []}, {"tweet_id": 1298157032256581633, "username": "prfmnews", "likes": ["anakdisco80"], "retweet": ["ebithEBITH"]}, {"tweet_id": 1298082045629878272, "username": "prfmnews", "likes": [], "retweet": []}, {"tweet_id": 1297829772999835648, "username": "prfmnews", "likes": ["kang_karung", "ZakieRivaldi"], "retweet": ["kang_karung", "ZakieRivaldi", "PAjaweh"]}, {"tweet_id": 1296776245535862784, "username": "prfmnews", "likes": ["tamabwito", "unni_unz", "Sulistiawat_Tri", "ZakieRivaldi", "dkimy0102", "HADIATSUPRIATN2", "Hendry461"], "retweet": ["ARNOLD211D", "Hendry461", "ZakieRivaldi"]}, {"tweet_id": 1295205301331693569, "username": "prfmnews", "likes": ["BroadcastDOTid", "Biano64", "Tommy39702748"], "retweet": ["BroadcastDOTid"]}, {"tweet_id": 1294303514072461313, "username": "prfmnews", "likes": ["CrewErvin", "giaontweet", "nuhaamasyhur"], "retweet": []}, {"tweet_id": 1294243113842569221, "username": "prfmnews", "likes": ["penguinlittleee"], "retweet": ["fedifag", "baleendah_info"]}, {"tweet_id": 1293199379533193216, "username": "prfmnews", "likes": ["MamiY62", "IwanIwancoy5200", "ZakieRivaldi"], "retweet": ["ZakieRivaldi"]}, {"tweet_id": 1293178090332368896, "username": "prfmnews", "likes": ["Biano64"], "retweet": []}, {"tweet_id": 1293143702345457664, "username": "prfmnews", "likes": ["Biano64", "1234aih", "raegspatter"], "retweet": ["ARNOLD211D"]}, {"tweet_id": 1293086005227003905, "username": "prfmnews", "likes": ["eskarahadyan", "ZakieRivaldi"], "retweet": ["ZakieRivaldi"]}, {"tweet_id": 1293077230990442497, "username": "prfmnews", "likes": ["bung_piere", "ahsabandung"], "retweet": ["Afifpujia"]}, {"tweet_id": 1292991410224824320, "username": "prfmnews", "likes": ["Biano64", "NoSurprisesRH", "imamaldi9"], "retweet": []}, {"tweet_id": 1292837838703058944, "username": "prfmnews", "likes": ["Biano64", "ZakieRivaldi", "joe_dynto", "Ahmad_Syah222", "Rendikalanipra2"], "retweet": ["duddydudung", "ZakieRivaldi"]}, {"tweet_id": 1292010589196148736, "username": "prfmnews", "likes": ["affendi90072188", "miebasoka1"], "retweet": []}, {"tweet_id": 1291982897453207552, "username": "prfmnews", "likes": [], "retweet": []}, {"tweet_id": 1291725784546029568, "username": "prfmnews", "likes": [], "retweet": []}, {"tweet_id": 1291639020565327873, "username": "prfmnews", "likes": [], "retweet": ["RiswanFabanyo", "raegspatter"]}, {"tweet_id": 1291551322219491329, "username": "prfmnews", "likes": [], "retweet": []}, {"tweet_id": 1290944311744331776, "username": "prfmnews", "likes": [], "retweet": []}, {"tweet_id": 1290663152137449473, "username": "prfmnews", "likes": [], "retweet": []}, {"tweet_id": 1290627530773237760, "username": "prfmnews", "likes": ["Biano64", "Onolakone"], "retweet": []}, {"tweet_id": 1290464054083977217, "username": "prfmnews", "likes": ["RiyadiDhafin", "Biano64"], "retweet": []}, {"tweet_id": 1290277520298786817, "username": "prfmnews", "likes": [], "retweet": []}, {"tweet_id": 1290267084564267008, "username": "prfmnews", "likes": ["drasidin", "hanisolihah", "DiredjaRahmat", "RezkyReynaldy2", "yusniaalfis", "dkimy0102", "istilageni", "ClickBandung", "moihananim", "HADIATSUPRIATN2", "triditriditridi"], "retweet": ["Ronizukipurnama"]}, {"tweet_id": 1290244097945477124, "username": "prfmnews", "likes": ["Biano64", "AomCakrapura"], "retweet": ["ajisetiajie"]}]